Treatment,Doctor Name,Doctor URL
Piles Treatment,Dr. A N M Owais Danish,https://www.pristyncare.com/specialist/dr-a-n-m-owais-danish-1avgsfk96e/
Piles Treatment,Dr. Pravat Kumar Majumda...,https://www.pristyncare.com/specialist/dr-pravat-kumar-majumdar-vx6ahe6uav/?disease=Piles
Piles Treatment,Dr. Sunil Gehlot,https://www.pristyncare.com/specialist/dr-sunil-gehlot-rcx3qjqfjw/?disease=Piles
Piles Treatment,Dr. Dhamodhara Kumar C.B,https://www.pristyncare.com/specialist/dr-dhamodhara-kumar-c-b-0ly84yrity/?disease=Piles
Piles Treatment,Dr. Piyush Gulabrao Nikam,https://www.pristyncare.com/specialist/dr-piyush-gulabrao-nikam-uympcwmsfn/
Piles Treatment,Dr. Sunil Gehlot,https://www.pristyncare.com/specialist/dr-sunil-gehlot-rcx3qjqfjw/
Piles Treatment,Dr. Amol Gosavi,https://www.pristyncare.com/specialist/dr-amol-gosavi-y3amsnwuyd/?disease=Piles
Piles Treatment,Dr. Pankaj Sareen,https://www.pristyncare.com/specialist/dr-pankaj-sareen-5njangbrma/
Fistula Treatment,Dr. Piyush Sharma,https://www.pristyncare.com/specialist/dr-piyush-sharma-uk7nuj8gni/
Fistula Treatment,Dr. Amol Gosavi,https://www.pristyncare.com/specialist/dr-amol-gosavi-y3amsnwuyd/?disease=Anal Fistula
Fistula Treatment,Dr. Dhamodhara Kumar C.B,https://www.pristyncare.com/specialist/dr-dhamodhara-kumar-c-b-0ly84yrity/?disease=Anal Fistula
Fistula Treatment,Dr. Tagore .V,https://www.pristyncare.com/specialist/dr-tagore-v-bagvlvucb7/
Fistula Treatment,Dr. Prabhakar Padmanabhan,https://www.pristyncare.com/specialist/dr-prabhakar-padmanabhan-n90myk9b6m/
Fistula Treatment,Dr. Sunil Gehlot,https://www.pristyncare.com/specialist/dr-sunil-gehlot-rcx3qjqfjw/?disease=Anal Fistula
Fistula Treatment,Dr. Sunil Gehlot,https://www.pristyncare.com/specialist/dr-sunil-gehlot-rcx3qjqfjw/
Fistula Treatment,Dr. Pravat Kumar Majumda...,https://www.pristyncare.com/specialist/dr-pravat-kumar-majumdar-vx6ahe6uav/?disease=Anal Fistula
Fistula Treatment,Dr. Shwetali Kunal Dhole,https://www.pristyncare.com/specialist/dr-shwetali-kunal-dhole-w9qakagnps/
Fissure Treatment,Dr. Sunil Gehlot,https://www.pristyncare.com/specialist/dr-sunil-gehlot-rcx3qjqfjw/?disease=Anal Fissure
Fissure Treatment,Dr. Piyush Sharma,https://www.pristyncare.com/specialist/dr-piyush-sharma-uk7nuj8gni/
Fissure Treatment,Dr. Pravat Kumar Majumda...,https://www.pristyncare.com/specialist/dr-pravat-kumar-majumdar-vx6ahe6uav/?disease=Anal Fissure
Fissure Treatment,Dr. Javed Akhter Hussain,https://www.pristyncare.com/specialist/dr-javed-akhter-hussain-hmvtksfkew/
Fissure Treatment,Dr. Amol Gosavi,https://www.pristyncare.com/specialist/dr-amol-gosavi-y3amsnwuyd/?disease=Anal Fissure
Fissure Treatment,Dr. Sunil Gehlot,https://www.pristyncare.com/specialist/dr-sunil-gehlot-rcx3qjqfjw/
Fissure Treatment,Dr. Dhamodhara Kumar C.B,https://www.pristyncare.com/specialist/dr-dhamodhara-kumar-c-b-0ly84yrity/?disease=Anal Fissure
Fissure Treatment,Dr. Chetan Dayaram Rathod,https://www.pristyncare.com/specialist/dr-chetan-dayaram-rathod-yts4warc2i/
Pilonidal Sinus Treatment,Dr. Abdul Mohammed,https://www.pristyncare.com/specialist/dr-abdul-mohammed-heom28q4g8/
Pilonidal Sinus Treatment,Dr. Amol Gosavi,https://www.pristyncare.com/specialist/dr-amol-gosavi-y3amsnwuyd/?disease=Pilonidal Sinus
Pilonidal Sinus Treatment,Dr. Dhamodhara Kumar C.B,https://www.pristyncare.com/specialist/dr-dhamodhara-kumar-c-b-0ly84yrity/?disease=Pilonidal Sinus
Pilonidal Sinus Treatment,Dr. Pravat Kumar Majumda...,https://www.pristyncare.com/specialist/dr-pravat-kumar-majumdar-vx6ahe6uav/?disease=Pilonidal Sinus
Pilonidal Sinus Treatment,Dr. Sunil Gehlot,https://www.pristyncare.com/specialist/dr-sunil-gehlot-rcx3qjqfjw/?disease=Pilonidal Sinus
Pilonidal Sinus Treatment,Dr. Raja H,https://www.pristyncare.com/specialist/dr-raja-h-uychcogpqc/
Pilonidal Sinus Treatment,Dr. Majethiya Jalpesh,https://www.pristyncare.com/specialist/dr-majethiya-jalpesh-evnw4buxpe/
Pilonidal Sinus Treatment,Dr. Sunil Gehlot,https://www.pristyncare.com/specialist/dr-sunil-gehlot-rcx3qjqfjw/
Rectal Prolapse,Dr. Milind Joshi,https://www.pristyncare.com/specialist/dr-milind-joshi-g3gjcwdaab/?disease=Rectal Prolapse
Rectal Prolapse,Dr. Amol Gosavi,https://www.pristyncare.com/specialist/dr-amol-gosavi-y3amsnwuyd/?disease=Rectal Prolapse
Rectal Prolapse,Dr. Emmanuel Stephen J,https://www.pristyncare.com/specialist/dr-emmanuel-stephen-j-bhh6pulvyv/
Rectal Prolapse,Dr. Sathya Deepa,https://www.pristyncare.com/specialist/dr-sathya-deepa-qxy52acc9u/
Rectal Prolapse,Dr. Pravat Kumar Majumda...,https://www.pristyncare.com/specialist/dr-pravat-kumar-majumdar-vx6ahe6uav/?disease=Rectal Prolapse
Rectal Prolapse,Dr. Sunil Gehlot,https://www.pristyncare.com/specialist/dr-sunil-gehlot-rcx3qjqfjw/
Rectal Prolapse,Dr. Sunil Gehlot,https://www.pristyncare.com/specialist/dr-sunil-gehlot-rcx3qjqfjw/?disease=Rectal Prolapse
Rectal Prolapse,Dr. Pankaj Sareen,https://www.pristyncare.com/specialist/dr-pankaj-sareen-5njangbrma/
Hernia Surgery,Dr. Piyush Sharma,https://www.pristyncare.com/specialist/dr-piyush-sharma-uk7nuj8gni/
Hernia Surgery,Dr. Dhamodhara Kumar C.B,https://www.pristyncare.com/specialist/dr-dhamodhara-kumar-c-b-0ly84yrity/?disease=Hernia
Hernia Surgery,Dr. Pravat Kumar Majumda...,https://www.pristyncare.com/specialist/dr-pravat-kumar-majumdar-vx6ahe6uav/?disease=Hernia
Hernia Surgery,Dr. Milind Joshi,https://www.pristyncare.com/specialist/dr-milind-joshi-g3gjcwdaab/?disease=Hernia
Hernia Surgery,Dr. Sunil Gehlot,https://www.pristyncare.com/specialist/dr-sunil-gehlot-rcx3qjqfjw/
Hernia Surgery,Dr. Sunil Gehlot,https://www.pristyncare.com/specialist/dr-sunil-gehlot-rcx3qjqfjw/?disease=Hernia
Gallstones Treatment,Dr. Piyush Sharma,https://www.pristyncare.com/specialist/dr-piyush-sharma-uk7nuj8gni/
Gallstones Treatment,Dr. Pravat Kumar Majumda...,https://www.pristyncare.com/specialist/dr-pravat-kumar-majumdar-vx6ahe6uav/?disease=Gallstones
Gallstones Treatment,Dr. Dhamodhara Kumar C.B,https://www.pristyncare.com/specialist/dr-dhamodhara-kumar-c-b-0ly84yrity/?disease=Gallstones
Gallstones Treatment,Dr. Milind Joshi,https://www.pristyncare.com/specialist/dr-milind-joshi-g3gjcwdaab/?disease=Gallstones
Gallstones Treatment,Dr. Sunil Gehlot,https://www.pristyncare.com/specialist/dr-sunil-gehlot-rcx3qjqfjw/?disease=Gallstones
Gallstones Treatment,Dr. Sunil Gehlot,https://www.pristyncare.com/specialist/dr-sunil-gehlot-rcx3qjqfjw/
Gallstones Treatment,Dr. Dhruv Nayan Kundra,https://www.pristyncare.com/specialist/dr-dhruv-nayan-kundra-urlkox0qer/
Appendicitis,Dr. Piyush Sharma,https://www.pristyncare.com/specialist/dr-piyush-sharma-uk7nuj8gni/
Appendicitis,Dr. Ketaki Tiwari,https://www.pristyncare.com/specialist/dr-ketaki-tiwari-aadwblsayk/
Appendicitis,Dr. Pravat Kumar Majumda...,https://www.pristyncare.com/specialist/dr-pravat-kumar-majumdar-vx6ahe6uav/?disease=Appendicitis
Appendicitis,Dr. Dhamodhara Kumar C.B,https://www.pristyncare.com/specialist/dr-dhamodhara-kumar-c-b-0ly84yrity/?disease=Appendicitis
Appendicitis,Dr. Milind Joshi,https://www.pristyncare.com/specialist/dr-milind-joshi-g3gjcwdaab/?disease=Appendicitis
Appendicitis,Dr. Sunil Gehlot,https://www.pristyncare.com/specialist/dr-sunil-gehlot-rcx3qjqfjw/?disease=Appendicitis
Appendicitis,Dr. Sunil Gehlot,https://www.pristyncare.com/specialist/dr-sunil-gehlot-rcx3qjqfjw/
Inguinal Hernia Treatment,Dr. Abdul Mohammed,https://www.pristyncare.com/specialist/dr-abdul-mohammed-heom28q4g8/
Inguinal Hernia Treatment,Dr. Dhamodhara Kumar C.B,https://www.pristyncare.com/specialist/dr-dhamodhara-kumar-c-b-0ly84yrity/?disease=Inguinal Hernia
Inguinal Hernia Treatment,Dr. Pravat Kumar Majumda...,https://www.pristyncare.com/specialist/dr-pravat-kumar-majumdar-vx6ahe6uav/?disease=Inguinal Hernia
Inguinal Hernia Treatment,Dr. Milind Joshi,https://www.pristyncare.com/specialist/dr-milind-joshi-g3gjcwdaab/?disease=Inguinal Hernia
Inguinal Hernia Treatment,Dr. Sunil Gehlot,https://www.pristyncare.com/specialist/dr-sunil-gehlot-rcx3qjqfjw/?disease=Inguinal Hernia
Inguinal Hernia Treatment,Dr. Nidhin Skariah,https://www.pristyncare.com/specialist/dr-nidhin-skariah-vftlhdikl9/
Inguinal Hernia Treatment,Dr. Sunil Gehlot,https://www.pristyncare.com/specialist/dr-sunil-gehlot-rcx3qjqfjw/
Inguinal Hernia Treatment,Dr. Niraj Brijbhushan Singh,https://www.pristyncare.com/specialist/dr-niraj-brijbhushan-singh-enlb5qhynj/
Umbilical Hernia Treatment,Dr. Vikranth Suresh,https://www.pristyncare.com/specialist/dr-vikranth-suresh-dahdhjm07v/
Umbilical Hernia Treatment,Dr. Abdul Mohammed,https://www.pristyncare.com/specialist/dr-abdul-mohammed-heom28q4g8/
Umbilical Hernia Treatment,Dr. Pankaj Waykole,https://www.pristyncare.com/specialist/dr-pankaj-waykole-mgyckmsgdb/
Umbilical Hernia Treatment,Dr. Sajeet Nayar,https://www.pristyncare.com/specialist/dr-sajeet-nayar-vga1su5drc/
Umbilical Hernia Treatment,Dr. Sunil Gehlot,https://www.pristyncare.com/specialist/dr-sunil-gehlot-rcx3qjqfjw/?disease=Umbilical Hernia
Umbilical Hernia Treatment,Dr. Milind Joshi,https://www.pristyncare.com/specialist/dr-milind-joshi-g3gjcwdaab/?disease=Umbilical Hernia
Umbilical Hernia Treatment,Dr. Milind Joshi,https://www.pristyncare.com/specialist/dr-milind-joshi-g3gjcwdaab/
Umbilical Hernia Treatment,Dr. Pravat Kumar Majumda...,https://www.pristyncare.com/specialist/dr-pravat-kumar-majumdar-vx6ahe6uav/?disease=Umbilical Hernia
Umbilical Hernia Treatment,Dr. Dhamodhara Kumar C.B,https://www.pristyncare.com/specialist/dr-dhamodhara-kumar-c-b-0ly84yrity/?disease=Umbilical Hernia
Umbilical Hernia Treatment,Dr. Sunil Gehlot,https://www.pristyncare.com/specialist/dr-sunil-gehlot-rcx3qjqfjw/
Surgical Abortion,Dr. Kavita Abhishek Shir...,https://www.pristyncare.com/specialist/dr-kavita-abhishek-shirkande-j0nec4aa4i/?disease=Abortion
Surgical Abortion,Dr. Samhitha Alukur,https://www.pristyncare.com/specialist/dr-samhitha-alukur-83t9oycwt5/?disease=Abortion
Surgical Abortion,Dr. Sunitha T,https://www.pristyncare.com/specialist/dr-sunitha-t-mighmr1ypz/
Surgical Abortion,Dr. Mala Fenn James Pitc...,https://www.pristyncare.com/specialist/dr-mala-fenn-james-pitchai-lgkhxpdkjd/?disease=Abortion
Surgical Abortion,Dr. Monika Dubey,https://www.pristyncare.com/specialist/dr-monika-dubey-l11rbuqcul/
Surgical Abortion,Dr. Monika Dubey,https://www.pristyncare.com/specialist/dr-monika-dubey-l11rbuqcul/?disease=Abortion
MTP,Dr. Roopa Ghanta,https://www.pristyncare.com/specialist/dr-roopa-ghanta-udkggoul4t/
MTP,Dr. Preeti Mehra,https://www.pristyncare.com/specialist/dr-preeti-mehra-n6tuynnd5b/
MTP,Dr. Kavita Abhishek Shir...,https://www.pristyncare.com/specialist/dr-kavita-abhishek-shirkande-j0nec4aa4i/?disease=MTP
MTP,Dr. Monika Dubey,https://www.pristyncare.com/specialist/dr-monika-dubey-l11rbuqcul/?disease=MTP
MTP,Dr. Monika Dubey,https://www.pristyncare.com/specialist/dr-monika-dubey-l11rbuqcul/
MTP,Dr. Snehalatha Alapati,https://www.pristyncare.com/specialist/dr-snehalatha-alapati-ohlraol03g/
MTP,Dr. Samhitha Alukur,https://www.pristyncare.com/specialist/dr-samhitha-alukur-83t9oycwt5/?disease=MTP
MTP,Dr. Mala Fenn James Pitc...,https://www.pristyncare.com/specialist/dr-mala-fenn-james-pitchai-lgkhxpdkjd/?disease=MTP
Ectopic Pregnancy Treatment,Dr. Samhitha Alukur,https://www.pristyncare.com/specialist/dr-samhitha-alukur-83t9oycwt5/?disease=Ectopic Pregnancy
Ectopic Pregnancy Treatment,Dr. Monika Dubey,https://www.pristyncare.com/specialist/dr-monika-dubey-l11rbuqcul/
Ectopic Pregnancy Treatment,Dr. Mala Fenn James Pitc...,https://www.pristyncare.com/specialist/dr-mala-fenn-james-pitchai-lgkhxpdkjd/?disease=Ectopic Pregnancy
Ectopic Pregnancy Treatment,Dr. Monika Dubey,https://www.pristyncare.com/specialist/dr-monika-dubey-l11rbuqcul/?disease=Ectopic Pregnancy
Ectopic Pregnancy Treatment,Dr. Kavita Abhishek Shir...,https://www.pristyncare.com/specialist/dr-kavita-abhishek-shirkande-j0nec4aa4i/?disease=Ectopic Pregnancy
Molar Pregnancy Treatment,Dr. Samhitha Alukur,https://www.pristyncare.com/specialist/dr-samhitha-alukur-83t9oycwt5/?disease=Molar Pregnancy
Molar Pregnancy Treatment,Dr. Monika Dubey,https://www.pristyncare.com/specialist/dr-monika-dubey-l11rbuqcul/?disease=Molar Pregnancy
Molar Pregnancy Treatment,Dr. Monika Dubey,https://www.pristyncare.com/specialist/dr-monika-dubey-l11rbuqcul/
Molar Pregnancy Treatment,Dr. Kavita Abhishek Shir...,https://www.pristyncare.com/specialist/dr-kavita-abhishek-shirkande-j0nec4aa4i/?disease=Molar Pregnancy
Molar Pregnancy Treatment,Dr. Mala Fenn James Pitc...,https://www.pristyncare.com/specialist/dr-mala-fenn-james-pitchai-lgkhxpdkjd/?disease=Molar Pregnancy
Uterus Removal,Dr. Sujatha,https://www.pristyncare.com/specialist/dr-sujatha-krxyr66cfz/?disease=Hysterectomy
Uterus Removal,Dr. Ketaki Tiwari,https://www.pristyncare.com/specialist/dr-ketaki-tiwari-aadwblsayk/
Uterus Removal,Dr. Samhitha Alukur,https://www.pristyncare.com/specialist/dr-samhitha-alukur-83t9oycwt5/?disease=Hysterectomy
Uterus Removal,Dr. Aria Raina,https://www.pristyncare.com/specialist/dr-aria-raina-erfbxmnu2u/
Uterus Removal,Dr. Sunitha T,https://www.pristyncare.com/specialist/dr-sunitha-t-mighmr1ypz/
Uterus Removal,Dr. Biplab Mukhopadhyay,https://www.pristyncare.com/specialist/dr-biplab-mukhopadhyay-hbgafnqfcm/?disease=Hysterectomy
Uterus Removal,Dr. Aria Raina,https://www.pristyncare.com/specialist/dr-aria-raina-erfbxmnu2u/?disease=Hysterectomy
Ovarian Cyst,Dr. Ketaki Tiwari,https://www.pristyncare.com/specialist/dr-ketaki-tiwari-aadwblsayk/
Ovarian Cyst,Dr. Samhitha Alukur,https://www.pristyncare.com/specialist/dr-samhitha-alukur-83t9oycwt5/?disease=Ovarian Cyst
Ovarian Cyst,Dr. Aria Raina,https://www.pristyncare.com/specialist/dr-aria-raina-erfbxmnu2u/?disease=Ovarian Cyst
Ovarian Cyst,Dr. Aria Raina,https://www.pristyncare.com/specialist/dr-aria-raina-erfbxmnu2u/
Ovarian Cyst,Dr. Sujatha,https://www.pristyncare.com/specialist/dr-sujatha-krxyr66cfz/?disease=Ovarian Cyst
Ovarian Cyst,Dr. Biplab Mukhopadhyay,https://www.pristyncare.com/specialist/dr-biplab-mukhopadhyay-hbgafnqfcm/?disease=Ovarian Cyst
Miscarriage Treatment,Dr. Mala Fenn James Pitc...,https://www.pristyncare.com/specialist/dr-mala-fenn-james-pitchai-lgkhxpdkjd/?disease=Miscarriage
Miscarriage Treatment,Dr. Monika Dubey,https://www.pristyncare.com/specialist/dr-monika-dubey-l11rbuqcul/?disease=Miscarriage
Miscarriage Treatment,Dr. Monika Dubey,https://www.pristyncare.com/specialist/dr-monika-dubey-l11rbuqcul/
Miscarriage Treatment,Dr. Samhitha Alukur,https://www.pristyncare.com/specialist/dr-samhitha-alukur-83t9oycwt5/?disease=Miscarriage
Miscarriage Treatment,Dr. Kavita Abhishek Shir...,https://www.pristyncare.com/specialist/dr-kavita-abhishek-shirkande-j0nec4aa4i/?disease=Miscarriage
Bartholin Cyst Treatment,Dr. Samhitha Alukur,https://www.pristyncare.com/specialist/dr-samhitha-alukur-83t9oycwt5/?disease=Bartholin Cyst
Bartholin Cyst Treatment,Dr. Aria Raina,https://www.pristyncare.com/specialist/dr-aria-raina-erfbxmnu2u/?disease=Bartholin Cyst
Bartholin Cyst Treatment,Dr. Kavita Abhishek Shir...,https://www.pristyncare.com/specialist/dr-kavita-abhishek-shirkande-j0nec4aa4i/?disease=Bartholin Cyst
Bartholin Cyst Treatment,Dr. Monika Dubey,https://www.pristyncare.com/specialist/dr-monika-dubey-l11rbuqcul/
Bartholin Cyst Treatment,Dr. Monika Dubey,https://www.pristyncare.com/specialist/dr-monika-dubey-l11rbuqcul/?disease=Bartholin Cyst
Endometriosis Treatment,Dr. Ketaki Tiwari,https://www.pristyncare.com/specialist/dr-ketaki-tiwari-aadwblsayk/
Endometriosis Treatment,Dr. Kavita Abhishek Shir...,https://www.pristyncare.com/specialist/dr-kavita-abhishek-shirkande-j0nec4aa4i/?disease=Endometriosis
Endometriosis Treatment,Dr. Vikas Yadav,https://www.pristyncare.com/specialist/dr-vikas-yadav-lnfffyhz45/
Endometriosis Treatment,Dr. Aria Raina,https://www.pristyncare.com/specialist/dr-aria-raina-erfbxmnu2u/?disease=Endometriosis
Endometriosis Treatment,Dr. Monika Dubey,https://www.pristyncare.com/specialist/dr-monika-dubey-l11rbuqcul/
Endometriosis Treatment,Dr. Ketaki Tiwari,https://www.pristyncare.com/specialist/dr-ketaki-tiwari-aadwblsayk/?disease=Endometriosis
Endometriosis Treatment,Dr. Monika Dubey,https://www.pristyncare.com/specialist/dr-monika-dubey-l11rbuqcul/?disease=Endometriosis
Adenomyosis Treatment,Dr. Monika Dubey,https://www.pristyncare.com/specialist/dr-monika-dubey-l11rbuqcul/?disease=Adenomyosis
Adenomyosis Treatment,Dr. Aria Raina,https://www.pristyncare.com/specialist/dr-aria-raina-erfbxmnu2u/?disease=Adenomyosis
Adenomyosis Treatment,Dr. Kavita Abhishek Shir...,https://www.pristyncare.com/specialist/dr-kavita-abhishek-shirkande-j0nec4aa4i/?disease=Adenomyosis
Adenomyosis Treatment,Dr. Ketaki Tiwari,https://www.pristyncare.com/specialist/dr-ketaki-tiwari-aadwblsayk/?disease=Adenomyosis
Adenomyosis Treatment,Dr. Sujatha,https://www.pristyncare.com/specialist/dr-sujatha-krxyr66cfz/
Adenomyosis Treatment,Dr. Monika Dubey,https://www.pristyncare.com/specialist/dr-monika-dubey-l11rbuqcul/
Adenomyosis Treatment,Dr. M Swapna Reddy,https://www.pristyncare.com/specialist/dr-m-swapna-reddy-xwwkgko4ub/
PCOS-PCOD Treatment,Dr. Ketaki Tiwari,https://www.pristyncare.com/specialist/dr-ketaki-tiwari-aadwblsayk/
Pregnancy Care,Dr. Priyanka,https://www.pristyncare.com/specialist/dr-priyanka-9cx8g6qgb3/?disease=Pregnancy Care
Pregnancy Care,Dr. Sujatha,https://www.pristyncare.com/specialist/dr-sujatha-krxyr66cfz/
Pregnancy Care,Dr. Ila Gupta,https://www.pristyncare.com/specialist/dr-ila-gupta-jnbhabeomv/?disease=Pregnancy Care
Pregnancy Care,Dr. Ila Gupta,https://www.pristyncare.com/specialist/dr-ila-gupta-jnbhabeomv/
Pregnancy Care,Dr. Kavita Abhishek Shir...,https://www.pristyncare.com/specialist/dr-kavita-abhishek-shirkande-j0nec4aa4i/?disease=Pregnancy Care
Pregnancy Care,Dr. Monika Dubey,https://www.pristyncare.com/specialist/dr-monika-dubey-l11rbuqcul/?disease=Pregnancy Care
Laser Vaginal Tightening,Dr. Monika Dubey,https://www.pristyncare.com/specialist/dr-monika-dubey-l11rbuqcul/?disease=Laser Vaginal Tightening
Laser Vaginal Tightening,Dr. Monika Dubey,https://www.pristyncare.com/specialist/dr-monika-dubey-l11rbuqcul/
Laser Vaginal Tightening,Dr. Anupama Gonjhu,https://www.pristyncare.com/specialist/dr-anupama-gonjhu-6pzo0sirfc/?disease=Laser Vaginal Tightening
Laser Vaginal Tightening,Dr. Kavita Abhishek Shir...,https://www.pristyncare.com/specialist/dr-kavita-abhishek-shirkande-j0nec4aa4i/?disease=Laser Vaginal Tightening
Laser Vaginal Tightening,Dr. Ketaki Tiwari,https://www.pristyncare.com/specialist/dr-ketaki-tiwari-aadwblsayk/?disease=Laser Vaginal Tightening
Hymenoplasty,Dr. Monika Dubey,https://www.pristyncare.com/specialist/dr-monika-dubey-l11rbuqcul/?disease=Hymenoplasty
Hymenoplasty,Dr. Ketaki Tiwari,https://www.pristyncare.com/specialist/dr-ketaki-tiwari-aadwblsayk/?disease=Hymenoplasty
Hymenoplasty,Dr. Monika Dubey,https://www.pristyncare.com/specialist/dr-monika-dubey-l11rbuqcul/
Hymenoplasty,Dr. Aria Raina,https://www.pristyncare.com/specialist/dr-aria-raina-erfbxmnu2u/?disease=Hymenoplasty
Hymenoplasty,Dr. Sujatha Damodaran,https://www.pristyncare.com/specialist/dr-sujatha-damodaran-xvi8kv4hla/
Hymenoplasty,Dr. Anjani Dixit,https://www.pristyncare.com/specialist/dr-anjani-dixit-r5lrcjokgw/
Hymenoplasty,Dr. Anupama Gonjhu,https://www.pristyncare.com/specialist/dr-anupama-gonjhu-6pzo0sirfc/?disease=Hymenoplasty
Vaginoplasty,Dr. Ketaki Tiwari,https://www.pristyncare.com/specialist/dr-ketaki-tiwari-aadwblsayk/?disease=Vaginoplasty
Vaginoplasty,Dr. Ketaki Tiwari,https://www.pristyncare.com/specialist/dr-ketaki-tiwari-aadwblsayk/
Vaginoplasty,Dr. Kiran Dua,https://www.pristyncare.com/specialist/dr-kiran-dua-f99t3bwhim/?disease=Vaginoplasty
Vaginoplasty,Dr. Aria Raina,https://www.pristyncare.com/specialist/dr-aria-raina-erfbxmnu2u/?disease=Vaginoplasty
Vaginoplasty,Dr. Anupama Gonjhu,https://www.pristyncare.com/specialist/dr-anupama-gonjhu-6pzo0sirfc/?disease=Vaginoplasty
Labiaplasty,Dr. Ketaki Tiwari,https://www.pristyncare.com/specialist/dr-ketaki-tiwari-aadwblsayk/
Labiaplasty,Dr. Ketaki Tiwari,https://www.pristyncare.com/specialist/dr-ketaki-tiwari-aadwblsayk/?disease=Labiaplasty
Labiaplasty,Dr. Aria Raina,https://www.pristyncare.com/specialist/dr-aria-raina-erfbxmnu2u/?disease=Labiaplasty
Labiaplasty,Dr. Monika Dubey,https://www.pristyncare.com/specialist/dr-monika-dubey-l11rbuqcul/
Labiaplasty,Dr. Anupama Gonjhu,https://www.pristyncare.com/specialist/dr-anupama-gonjhu-6pzo0sirfc/?disease=Labiaplasty
Labiaplasty,Dr. Monika Dubey,https://www.pristyncare.com/specialist/dr-monika-dubey-l11rbuqcul/?disease=Labiaplasty
Vaginal Wart Removal,Dr. Darshana Ramesh Chaudhari,https://www.pristyncare.com/specialist/dr-darshana-ramesh-chaudhari-ffy3c8dlq7/
Vaginal Wart Removal,Dr. Ketaki Tiwari,https://www.pristyncare.com/specialist/dr-ketaki-tiwari-aadwblsayk/?disease=Vaginal Wart
Vaginal Wart Removal,Dr. Monika Dubey,https://www.pristyncare.com/specialist/dr-monika-dubey-l11rbuqcul/
Vaginal Wart Removal,Dr. Monika Dubey,https://www.pristyncare.com/specialist/dr-monika-dubey-l11rbuqcul/?disease=Vaginal Wart
Vaginal Wart Removal,Dr. Kavita Abhishek Shir...,https://www.pristyncare.com/specialist/dr-kavita-abhishek-shirkande-j0nec4aa4i/?disease=Vaginal Wart
Vaginal Wart Removal,Dr. Anupama Gonjhu,https://www.pristyncare.com/specialist/dr-anupama-gonjhu-6pzo0sirfc/?disease=Vaginal Wart
Tympanoplasty,Dr. Shikhar Gupta,https://www.pristyncare.com/specialist/dr-shikhar-gupta-ujhrbzk7ps/
Tympanoplasty,Dr. Saloni Spandan Rajyaguru,https://www.pristyncare.com/specialist/dr-saloni-spandan-rajyaguru-4fb10gawzv/
Tympanoplasty,Dr. Manu Bharath,https://www.pristyncare.com/specialist/dr-manu-bharath-mvlxzcp7um/?disease=Tympanoplasty
Tympanoplasty,Dr. Saloni Spandan Rajya...,https://www.pristyncare.com/specialist/dr-saloni-spandan-rajyaguru-4fb10gawzv/?disease=Tympanoplasty
Tympanoplasty,Dr. Richa Mina,https://www.pristyncare.com/specialist/dr-richa-mina-1fjxooybqw/
Tympanoplasty,Dr. Divya Badanidiyur,https://www.pristyncare.com/specialist/dr-divya-badanidiyur-xiktdzyczr/?disease=Tympanoplasty
Tympanoplasty,Dr. Richa Mina,https://www.pristyncare.com/specialist/dr-richa-mina-1fjxooybqw/?disease=Tympanoplasty
Adenoidectomy,Dr. Manu Bharath,https://www.pristyncare.com/specialist/dr-manu-bharath-mvlxzcp7um/?disease=Adenoidectomy
Adenoidectomy,Dr. Saloni Spandan Rajya...,https://www.pristyncare.com/specialist/dr-saloni-spandan-rajyaguru-4fb10gawzv/?disease=Adenoidectomy
Adenoidectomy,Dr. Richa Mina,https://www.pristyncare.com/specialist/dr-richa-mina-1fjxooybqw/
Adenoidectomy,Dr. Divya Badanidiyur,https://www.pristyncare.com/specialist/dr-divya-badanidiyur-xiktdzyczr/?disease=Adenoidectomy
Adenoidectomy,Dr. Richa Mina,https://www.pristyncare.com/specialist/dr-richa-mina-1fjxooybqw/?disease=Adenoidectomy
Sinus Treatment,Dr. Manu Bharath,https://www.pristyncare.com/specialist/dr-manu-bharath-mvlxzcp7um/?disease=Sinusitis
Sinus Treatment,Dr. Richa Mina,https://www.pristyncare.com/specialist/dr-richa-mina-1fjxooybqw/?disease=Sinusitis
Sinus Treatment,Dr. Richa Mina,https://www.pristyncare.com/specialist/dr-richa-mina-1fjxooybqw/
Sinus Treatment,Dr. Saloni Spandan Rajya...,https://www.pristyncare.com/specialist/dr-saloni-spandan-rajyaguru-4fb10gawzv/?disease=Sinusitis
Sinus Treatment,Dr. Divya Badanidiyur,https://www.pristyncare.com/specialist/dr-divya-badanidiyur-xiktdzyczr/?disease=Sinusitis
Septoplasty,Dr. Saloni Spandan Rajyaguru,https://www.pristyncare.com/specialist/dr-saloni-spandan-rajyaguru-4fb10gawzv/
Septoplasty,Dr. Saloni Spandan Rajya...,https://www.pristyncare.com/specialist/dr-saloni-spandan-rajyaguru-4fb10gawzv/?disease=Septoplasty
Septoplasty,Dr. Richa Mina,https://www.pristyncare.com/specialist/dr-richa-mina-1fjxooybqw/
Septoplasty,Dr. Manu Bharath,https://www.pristyncare.com/specialist/dr-manu-bharath-mvlxzcp7um/?disease=Septoplasty
Septoplasty,Dr. Divya Badanidiyur,https://www.pristyncare.com/specialist/dr-divya-badanidiyur-xiktdzyczr/?disease=Septoplasty
Septoplasty,Dr. Richa Mina,https://www.pristyncare.com/specialist/dr-richa-mina-1fjxooybqw/?disease=Septoplasty
Mastoidectomy,Dr. Saloni Spandan Rajya...,https://www.pristyncare.com/specialist/dr-saloni-spandan-rajyaguru-4fb10gawzv/?disease=Mastoidectomy
Mastoidectomy,Dr. Richa Mina,https://www.pristyncare.com/specialist/dr-richa-mina-1fjxooybqw/
Mastoidectomy,Dr. Richa Mina,https://www.pristyncare.com/specialist/dr-richa-mina-1fjxooybqw/?disease=Mastoidectomy
Mastoidectomy,Dr. Manu Bharath,https://www.pristyncare.com/specialist/dr-manu-bharath-mvlxzcp7um/?disease=Mastoidectomy
Mastoidectomy,Dr. Divya Badanidiyur,https://www.pristyncare.com/specialist/dr-divya-badanidiyur-xiktdzyczr/?disease=Mastoidectomy
FESS Surgery,Dr. Saloni Spandan Rajya...,https://www.pristyncare.com/specialist/dr-saloni-spandan-rajyaguru-4fb10gawzv/?disease=FESS Surgery
FESS Surgery,Dr. Richa Mina,https://www.pristyncare.com/specialist/dr-richa-mina-1fjxooybqw/?disease=FESS Surgery
FESS Surgery,Dr. Richa Mina,https://www.pristyncare.com/specialist/dr-richa-mina-1fjxooybqw/
FESS Surgery,Dr. Manu Bharath,https://www.pristyncare.com/specialist/dr-manu-bharath-mvlxzcp7um/?disease=FESS Surgery
FESS Surgery,Dr. Divya Badanidiyur,https://www.pristyncare.com/specialist/dr-divya-badanidiyur-xiktdzyczr/?disease=FESS Surgery
Thyroidectomy,Dr. Richa Mina,https://www.pristyncare.com/specialist/dr-richa-mina-1fjxooybqw/?disease=Thyroidectomy
Thyroidectomy,Dr. Divya Badanidiyur,https://www.pristyncare.com/specialist/dr-divya-badanidiyur-xiktdzyczr/?disease=Thyroidectomy
Thyroidectomy,Dr. Richa Mina,https://www.pristyncare.com/specialist/dr-richa-mina-1fjxooybqw/
Thyroidectomy,Dr. Saloni Spandan Rajya...,https://www.pristyncare.com/specialist/dr-saloni-spandan-rajyaguru-4fb10gawzv/?disease=Thyroidectomy
Thyroidectomy,Dr. Manu Bharath,https://www.pristyncare.com/specialist/dr-manu-bharath-mvlxzcp7um/?disease=Thyroidectomy
Tonsillectomy,Dr. Manu Bharath,https://www.pristyncare.com/specialist/dr-manu-bharath-mvlxzcp7um/?disease=Tonsillectomy
Tonsillectomy,Dr. Divya Badanidiyur,https://www.pristyncare.com/specialist/dr-divya-badanidiyur-xiktdzyczr/?disease=Tonsillectomy
Tonsillectomy,Dr. Richa Mina,https://www.pristyncare.com/specialist/dr-richa-mina-1fjxooybqw/?disease=Tonsillectomy
Tonsillectomy,Dr. Richa Mina,https://www.pristyncare.com/specialist/dr-richa-mina-1fjxooybqw/
Tonsillectomy,Dr. Saloni Spandan Rajya...,https://www.pristyncare.com/specialist/dr-saloni-spandan-rajyaguru-4fb10gawzv/?disease=Tonsillectomy
Stapedectomy,Dr. Richa Mina,https://www.pristyncare.com/specialist/dr-richa-mina-1fjxooybqw/?disease=Stapedectomy
Stapedectomy,Dr. Saloni Spandan Rajya...,https://www.pristyncare.com/specialist/dr-saloni-spandan-rajyaguru-4fb10gawzv/?disease=Stapedectomy
Stapedectomy,Dr. Richa Mina,https://www.pristyncare.com/specialist/dr-richa-mina-1fjxooybqw/
Stapedectomy,Dr. Divya Badanidiyur,https://www.pristyncare.com/specialist/dr-divya-badanidiyur-xiktdzyczr/?disease=Stapedectomy
Stapedectomy,Dr. Manu Bharath,https://www.pristyncare.com/specialist/dr-manu-bharath-mvlxzcp7um/?disease=Stapedectomy
Myringotomy,Dr. Manu Bharath,https://www.pristyncare.com/specialist/dr-manu-bharath-mvlxzcp7um/?disease=Myringotomy
Myringotomy,Dr. Richa Mina,https://www.pristyncare.com/specialist/dr-richa-mina-1fjxooybqw/?disease=Myringotomy
Myringotomy,Dr. Divya Badanidiyur,https://www.pristyncare.com/specialist/dr-divya-badanidiyur-xiktdzyczr/?disease=Myringotomy
Myringotomy,Dr. Richa Mina,https://www.pristyncare.com/specialist/dr-richa-mina-1fjxooybqw/
Myringotomy,Dr. Saloni Spandan Rajya...,https://www.pristyncare.com/specialist/dr-saloni-spandan-rajyaguru-4fb10gawzv/?disease=Myringotomy
Throat Surgery,Dr. Divya Badanidiyur,https://www.pristyncare.com/specialist/dr-divya-badanidiyur-xiktdzyczr/?disease=Throat Infection
Throat Surgery,Dr. Manu Bharath,https://www.pristyncare.com/specialist/dr-manu-bharath-mvlxzcp7um/?disease=Throat Infection
Throat Surgery,Dr. Saloni Spandan Rajya...,https://www.pristyncare.com/specialist/dr-saloni-spandan-rajyaguru-4fb10gawzv/?disease=Throat Infection
Throat Surgery,Dr. Richa Mina,https://www.pristyncare.com/specialist/dr-richa-mina-1fjxooybqw/
Throat Surgery,Dr. Richa Mina,https://www.pristyncare.com/specialist/dr-richa-mina-1fjxooybqw/?disease=Throat Infection
Ear Surgery,Dr. Manu Bharath,https://www.pristyncare.com/specialist/dr-manu-bharath-mvlxzcp7um/?disease=Ear Infection
Ear Surgery,Dr. Saloni Spandan Rajya...,https://www.pristyncare.com/specialist/dr-saloni-spandan-rajyaguru-4fb10gawzv/?disease=Ear Infection
Ear Surgery,Dr. Richa Mina,https://www.pristyncare.com/specialist/dr-richa-mina-1fjxooybqw/?disease=Ear Infection
Ear Surgery,Dr. Richa Mina,https://www.pristyncare.com/specialist/dr-richa-mina-1fjxooybqw/
Ear Surgery,Dr. Divya Badanidiyur,https://www.pristyncare.com/specialist/dr-divya-badanidiyur-xiktdzyczr/?disease=Ear Infection
Vocal Cord Polyps,Dr. Manu Bharath,https://www.pristyncare.com/specialist/dr-manu-bharath-mvlxzcp7um/?disease=Vocal Cord Polyps
Vocal Cord Polyps,Dr. Richa Mina,https://www.pristyncare.com/specialist/dr-richa-mina-1fjxooybqw/?disease=Vocal Cord Polyps
Vocal Cord Polyps,Dr. Richa Mina,https://www.pristyncare.com/specialist/dr-richa-mina-1fjxooybqw/
Vocal Cord Polyps,Dr. Saloni Spandan Rajya...,https://www.pristyncare.com/specialist/dr-saloni-spandan-rajyaguru-4fb10gawzv/?disease=Vocal Cord Polyps
Vocal Cord Polyps,Dr. Divya Badanidiyur,https://www.pristyncare.com/specialist/dr-divya-badanidiyur-xiktdzyczr/?disease=Vocal Cord Polyps
Nasal Polyps,Dr. Richa Mina,https://www.pristyncare.com/specialist/dr-richa-mina-1fjxooybqw/?disease=Nasal Polyps
Nasal Polyps,Dr. Manu Bharath,https://www.pristyncare.com/specialist/dr-manu-bharath-mvlxzcp7um/?disease=Nasal Polyps
Nasal Polyps,Dr. Richa Mina,https://www.pristyncare.com/specialist/dr-richa-mina-1fjxooybqw/
Nasal Polyps,Dr. Saloni Spandan Rajya...,https://www.pristyncare.com/specialist/dr-saloni-spandan-rajyaguru-4fb10gawzv/?disease=Nasal Polyps
Nasal Polyps,Dr. Divya Badanidiyur,https://www.pristyncare.com/specialist/dr-divya-badanidiyur-xiktdzyczr/?disease=Nasal Polyps
Turbinate Reduction,Dr. Manu Bharath,https://www.pristyncare.com/specialist/dr-manu-bharath-mvlxzcp7um/?disease=Turbinate Reduction
Turbinate Reduction,Dr. Richa Mina,https://www.pristyncare.com/specialist/dr-richa-mina-1fjxooybqw/
Turbinate Reduction,Dr. Richa Mina,https://www.pristyncare.com/specialist/dr-richa-mina-1fjxooybqw/?disease=Turbinate Reduction
Turbinate Reduction,Dr. Divya Badanidiyur,https://www.pristyncare.com/specialist/dr-divya-badanidiyur-xiktdzyczr/?disease=Turbinate Reduction
Turbinate Reduction,Dr. Saloni Spandan Rajya...,https://www.pristyncare.com/specialist/dr-saloni-spandan-rajyaguru-4fb10gawzv/?disease=Turbinate Reduction
Circumcision,Dr. SJ Haridarshan,https://www.pristyncare.com/specialist/dr-sj-haridarshan-tfzkmxvqlc/
Circumcision,Dr. M. Senthil Kumar,https://www.pristyncare.com/specialist/dr-m-senthil-kumar-dm07vifujy/
Circumcision,Dr. Amol Gosavi,https://www.pristyncare.com/specialist/dr-amol-gosavi-y3amsnwuyd/?disease=Laser Circumcision
Circumcision,Dr. Talluri Suresh Babu,https://www.pristyncare.com/specialist/dr-talluri-suresh-babu-tfmj0f8b4n/
Circumcision,Dr. Sajeet Nayar,https://www.pristyncare.com/specialist/dr-sajeet-nayar-vga1su5drc/
Circumcision,Dr. Sunil Gehlot,https://www.pristyncare.com/specialist/dr-sunil-gehlot-rcx3qjqfjw/?disease=Laser Circumcision
Circumcision,Dr. Tushar Goel,https://www.pristyncare.com/specialist/dr-tushar-goel-kesaynhhmy/
Circumcision,Dr. Dhamodhara Kumar C.B,https://www.pristyncare.com/specialist/dr-dhamodhara-kumar-c-b-0ly84yrity/?disease=Laser Circumcision
Circumcision,Dr. Milind Joshi,https://www.pristyncare.com/specialist/dr-milind-joshi-g3gjcwdaab/?disease=Laser Circumcision
Circumcision,Dr. Sunil Gehlot,https://www.pristyncare.com/specialist/dr-sunil-gehlot-rcx3qjqfjw/
Stapler Circumcision,Dr. Avinash Vishwani,https://www.pristyncare.com/specialist/dr-avinash-vishwani-z55kc5jqf0/
Stapler Circumcision,Dr. Sunil Gehlot,https://www.pristyncare.com/specialist/dr-sunil-gehlot-rcx3qjqfjw/?disease=Stapler Circumcision
Stapler Circumcision,Dr. Dhamodhara Kumar C.B,https://www.pristyncare.com/specialist/dr-dhamodhara-kumar-c-b-0ly84yrity/?disease=Stapler Circumcision
Stapler Circumcision,Dr. Talluri Suresh Babu,https://www.pristyncare.com/specialist/dr-talluri-suresh-babu-tfmj0f8b4n/
Stapler Circumcision,Dr. Javed Akhter Hussain,https://www.pristyncare.com/specialist/dr-javed-akhter-hussain-hmvtksfkew/
Stapler Circumcision,Dr. P. Thrivikrama Rao,https://www.pristyncare.com/specialist/dr-p-thrivikrama-rao-nruevpakki/
Stapler Circumcision,Dr. Milind Joshi,https://www.pristyncare.com/specialist/dr-milind-joshi-g3gjcwdaab/?disease=Stapler Circumcision
Stapler Circumcision,Dr. Sunil Gehlot,https://www.pristyncare.com/specialist/dr-sunil-gehlot-rcx3qjqfjw/
Stapler Circumcision,Dr. Mohan Ram,https://www.pristyncare.com/specialist/dr-mohan-ram-r2et27v0dd/
Stapler Circumcision,Dr. Prudhvinath,https://www.pristyncare.com/specialist/dr-prudhvinath-5ctmzi7uxc/
Stapler Circumcision,Dr. Amol Gosavi,https://www.pristyncare.com/specialist/dr-amol-gosavi-y3amsnwuyd/?disease=Stapler Circumcision
Kidney Stones Treatment,Dr. Prasad Mangesh Bhram...,https://www.pristyncare.com/specialist/dr-prasad-mangesh-bhrame-spb2f68gf5/?disease=Kidney Stones
Kidney Stones Treatment,Dr. Saurabh Mittal,https://www.pristyncare.com/specialist/dr-saurabh-mittal-aqv0lejand/?disease=Kidney Stones
Kidney Stones Treatment,Dr. Prasad Mangesh Bhrame,https://www.pristyncare.com/specialist/dr-prasad-mangesh-bhrame-spb2f68gf5/
Kidney Stones Treatment,Dr. Chandrakanta Kar,https://www.pristyncare.com/specialist/dr-chandrakanta-kar-jqwhkmt6qa/?disease=Kidney Stones
Kidney Stones Treatment,Dr. Sudhakar G V,https://www.pristyncare.com/specialist/dr-sudhakar-g-v-uwtebsxiee/?disease=Kidney Stones
Kidney Stones Treatment,Dr. Mayank Kulshreshtha,https://www.pristyncare.com/specialist/dr-mayank-kulshreshtha-o06vxyi3qm/
ESWL,Dr. Prasad Mangesh Bhram...,https://www.pristyncare.com/specialist/dr-prasad-mangesh-bhrame-spb2f68gf5/?disease=ESWL
ESWL,Dr. Prasad Mangesh Bhrame,https://www.pristyncare.com/specialist/dr-prasad-mangesh-bhrame-spb2f68gf5/
ESWL,Dr. Chandrakanta Kar,https://www.pristyncare.com/specialist/dr-chandrakanta-kar-jqwhkmt6qa/?disease=ESWL
ESWL,Dr. Sudhakar G V,https://www.pristyncare.com/specialist/dr-sudhakar-g-v-uwtebsxiee/?disease=ESWL
ESWL,Dr. Saurabh Mittal,https://www.pristyncare.com/specialist/dr-saurabh-mittal-aqv0lejand/?disease=ESWL
RIRS,Dr. Saurabh Mittal,https://www.pristyncare.com/specialist/dr-saurabh-mittal-aqv0lejand/?disease=RIRS
RIRS,Dr. Naveen M N,https://www.pristyncare.com/specialist/dr-naveen-m-n-puf5y8bkpd/
RIRS,Dr. Chandrakanta Kar,https://www.pristyncare.com/specialist/dr-chandrakanta-kar-jqwhkmt6qa/?disease=RIRS
RIRS,Dr. Prasad Mangesh Bhram...,https://www.pristyncare.com/specialist/dr-prasad-mangesh-bhrame-spb2f68gf5/?disease=RIRS
RIRS,Dr. Prasad Mangesh Bhrame,https://www.pristyncare.com/specialist/dr-prasad-mangesh-bhrame-spb2f68gf5/
RIRS,Dr. Sudhakar G V,https://www.pristyncare.com/specialist/dr-sudhakar-g-v-uwtebsxiee/?disease=RIRS
PCNL,Dr. Saurabh Mittal,https://www.pristyncare.com/specialist/dr-saurabh-mittal-aqv0lejand/?disease=PCNL
PCNL,Dr. Prasad Mangesh Bhrame,https://www.pristyncare.com/specialist/dr-prasad-mangesh-bhrame-spb2f68gf5/
PCNL,Dr. Sudhakar G V,https://www.pristyncare.com/specialist/dr-sudhakar-g-v-uwtebsxiee/?disease=PCNL
PCNL,Dr. Prasad Mangesh Bhram...,https://www.pristyncare.com/specialist/dr-prasad-mangesh-bhrame-spb2f68gf5/?disease=PCNL
PCNL,Dr. Chandrakanta Kar,https://www.pristyncare.com/specialist/dr-chandrakanta-kar-jqwhkmt6qa/?disease=PCNL
URSL,Dr. Chandrakanta Kar,https://www.pristyncare.com/specialist/dr-chandrakanta-kar-jqwhkmt6qa/?disease=URSL
URSL,Dr. Prasad Mangesh Bhram...,https://www.pristyncare.com/specialist/dr-prasad-mangesh-bhrame-spb2f68gf5/?disease=URSL
URSL,Dr. Sudhakar G V,https://www.pristyncare.com/specialist/dr-sudhakar-g-v-uwtebsxiee/?disease=URSL
URSL,Dr. Prasad Mangesh Bhrame,https://www.pristyncare.com/specialist/dr-prasad-mangesh-bhrame-spb2f68gf5/
URSL,Dr. Saurabh Mittal,https://www.pristyncare.com/specialist/dr-saurabh-mittal-aqv0lejand/?disease=URSL
Enlarged Prostate,Dr. Sudhakar G V,https://www.pristyncare.com/specialist/dr-sudhakar-g-v-uwtebsxiee/?disease=Prostate Enlargement
Enlarged Prostate,Dr. Saurabh Mittal,https://www.pristyncare.com/specialist/dr-saurabh-mittal-aqv0lejand/?disease=Prostate Enlargement
Enlarged Prostate,Dr. Prasad Mangesh Bhram...,https://www.pristyncare.com/specialist/dr-prasad-mangesh-bhrame-spb2f68gf5/?disease=Prostate Enlargement
Enlarged Prostate,Dr. Prasad Mangesh Bhrame,https://www.pristyncare.com/specialist/dr-prasad-mangesh-bhrame-spb2f68gf5/
Enlarged Prostate,Dr. Chandrakanta Kar,https://www.pristyncare.com/specialist/dr-chandrakanta-kar-jqwhkmt6qa/?disease=Prostate Enlargement
Enlarged Prostate,Dr. Mayank Kulshreshtha,https://www.pristyncare.com/specialist/dr-mayank-kulshreshtha-o06vxyi3qm/
Frenuloplasty Surgery,Dr. M. Senthil Kumar,https://www.pristyncare.com/specialist/dr-m-senthil-kumar-dm07vifujy/
Frenuloplasty Surgery,Dr. Sunil Gehlot,https://www.pristyncare.com/specialist/dr-sunil-gehlot-rcx3qjqfjw/?disease=Frenuloplasty
Frenuloplasty Surgery,Dr. Dhamodhara Kumar C.B,https://www.pristyncare.com/specialist/dr-dhamodhara-kumar-c-b-0ly84yrity/?disease=Frenuloplasty
Frenuloplasty Surgery,Dr. Milind Joshi,https://www.pristyncare.com/specialist/dr-milind-joshi-g3gjcwdaab/?disease=Frenuloplasty
Frenuloplasty Surgery,Dr. Amol Gosavi,https://www.pristyncare.com/specialist/dr-amol-gosavi-y3amsnwuyd/?disease=Frenuloplasty
Frenuloplasty Surgery,Dr. Sunil Gehlot,https://www.pristyncare.com/specialist/dr-sunil-gehlot-rcx3qjqfjw/
Frenuloplasty Surgery,Dr. Ravi Sharma,https://www.pristyncare.com/specialist/dr-ravi-sharma-bwszckrrjj/
Balanitis,Dr. SJ Haridarshan,https://www.pristyncare.com/specialist/dr-sj-haridarshan-tfzkmxvqlc/
Balanitis,Dr. Vikranth Suresh,https://www.pristyncare.com/specialist/dr-vikranth-suresh-dahdhjm07v/
Balanitis,Dr. Sunil Gehlot,https://www.pristyncare.com/specialist/dr-sunil-gehlot-rcx3qjqfjw/?disease=Balanitis
Balanitis,Dr. Milind Joshi,https://www.pristyncare.com/specialist/dr-milind-joshi-g3gjcwdaab/?disease=Balanitis
Balanitis,Dr. A N M Owais Danish,https://www.pristyncare.com/specialist/dr-a-n-m-owais-danish-1avgsfk96e/
Balanitis,Dr. Amol Gosavi,https://www.pristyncare.com/specialist/dr-amol-gosavi-y3amsnwuyd/?disease=Balanitis
Balanitis,Dr. Sunil Gehlot,https://www.pristyncare.com/specialist/dr-sunil-gehlot-rcx3qjqfjw/
Balanitis,Dr. Dhamodhara Kumar C.B,https://www.pristyncare.com/specialist/dr-dhamodhara-kumar-c-b-0ly84yrity/?disease=Balanitis
Balanoposthitis,Dr. Amol Gosavi,https://www.pristyncare.com/specialist/dr-amol-gosavi-y3amsnwuyd/?disease=Balanoposthitis
Balanoposthitis,Dr. Milind Joshi,https://www.pristyncare.com/specialist/dr-milind-joshi-g3gjcwdaab/?disease=Balanoposthitis
Balanoposthitis,Dr. Sajeet Nayar,https://www.pristyncare.com/specialist/dr-sajeet-nayar-vga1su5drc/
Balanoposthitis,Dr. Sunil Gehlot,https://www.pristyncare.com/specialist/dr-sunil-gehlot-rcx3qjqfjw/?disease=Balanoposthitis
Balanoposthitis,Dr. Pravat Kumar Majumda...,https://www.pristyncare.com/specialist/dr-pravat-kumar-majumdar-vx6ahe6uav/?disease=Balanoposthitis
Balanoposthitis,Dr. Milind Joshi,https://www.pristyncare.com/specialist/dr-milind-joshi-g3gjcwdaab/
Balanoposthitis,Dr. Sunil Gehlot,https://www.pristyncare.com/specialist/dr-sunil-gehlot-rcx3qjqfjw/
Balanoposthitis,Dr. Nelson V Junghare,https://www.pristyncare.com/specialist/dr-nelson-v-junghare-oqrvqd8myf/
Balanoposthitis,Dr. Amal Abraham,https://www.pristyncare.com/specialist/dr-amal-abraham-lxczmkx9yk/
Paraphimosis,Dr. Milind Joshi,https://www.pristyncare.com/specialist/dr-milind-joshi-g3gjcwdaab/?disease=Paraphimosis
Paraphimosis,Dr. Dhamodhara Kumar C.B,https://www.pristyncare.com/specialist/dr-dhamodhara-kumar-c-b-0ly84yrity/?disease=Paraphimosis
Paraphimosis,Dr. Sunil Gehlot,https://www.pristyncare.com/specialist/dr-sunil-gehlot-rcx3qjqfjw/?disease=Paraphimosis
Paraphimosis,Dr. Sunil Gehlot,https://www.pristyncare.com/specialist/dr-sunil-gehlot-rcx3qjqfjw/
Paraphimosis,Dr. Amol Gosavi,https://www.pristyncare.com/specialist/dr-amol-gosavi-y3amsnwuyd/?disease=Paraphimosis
Foreskin Infection,Dr. Sunil Gehlot,https://www.pristyncare.com/specialist/dr-sunil-gehlot-rcx3qjqfjw/?disease=Foreskin Infection
Foreskin Infection,Dr. Amol Gosavi,https://www.pristyncare.com/specialist/dr-amol-gosavi-y3amsnwuyd/?disease=Foreskin Infection
Foreskin Infection,Dr. Milind Joshi,https://www.pristyncare.com/specialist/dr-milind-joshi-g3gjcwdaab/?disease=Foreskin Infection
Foreskin Infection,Dr. Sunil Gehlot,https://www.pristyncare.com/specialist/dr-sunil-gehlot-rcx3qjqfjw/
Foreskin Infection,Dr. Mohan Ram,https://www.pristyncare.com/specialist/dr-mohan-ram-r2et27v0dd/
Foreskin Infection,Dr. Dhamodhara Kumar C.B,https://www.pristyncare.com/specialist/dr-dhamodhara-kumar-c-b-0ly84yrity/?disease=Foreskin Infection
Tight Foreskin,Dr. Amol Gosavi,https://www.pristyncare.com/specialist/dr-amol-gosavi-y3amsnwuyd/?disease=Tight Foreskin
Tight Foreskin,Dr. Sunil Gehlot,https://www.pristyncare.com/specialist/dr-sunil-gehlot-rcx3qjqfjw/
Tight Foreskin,Dr. Milind Joshi,https://www.pristyncare.com/specialist/dr-milind-joshi-g3gjcwdaab/?disease=Tight Foreskin
Tight Foreskin,Dr. Dhamodhara Kumar C.B,https://www.pristyncare.com/specialist/dr-dhamodhara-kumar-c-b-0ly84yrity/?disease=Tight Foreskin
Tight Foreskin,Dr. Sunil Gehlot,https://www.pristyncare.com/specialist/dr-sunil-gehlot-rcx3qjqfjw/?disease=Tight Foreskin
Phimosis,Dr. Amol Gosavi,https://www.pristyncare.com/specialist/dr-amol-gosavi-y3amsnwuyd/?disease=Phimosis
Phimosis,Dr. Sunil Gehlot,https://www.pristyncare.com/specialist/dr-sunil-gehlot-rcx3qjqfjw/?disease=Phimosis
Phimosis,Dr. Dhamodhara Kumar C.B,https://www.pristyncare.com/specialist/dr-dhamodhara-kumar-c-b-0ly84yrity/?disease=Phimosis
Phimosis,Dr. M. Senthil Kumar,https://www.pristyncare.com/specialist/dr-m-senthil-kumar-dm07vifujy/
Phimosis,Dr. Milind Joshi,https://www.pristyncare.com/specialist/dr-milind-joshi-g3gjcwdaab/?disease=Phimosis
Phimosis,Dr. Sunil Gehlot,https://www.pristyncare.com/specialist/dr-sunil-gehlot-rcx3qjqfjw/
Corn Removal,Dr. Raja H,https://www.pristyncare.com/specialist/dr-raja-h-uychcogpqc/?disease=Corn Removal
Corn Removal,Dr. Amol Gosavi,https://www.pristyncare.com/specialist/dr-amol-gosavi-y3amsnwuyd/
Corn Removal,Dr. Amol Gosavi,https://www.pristyncare.com/specialist/dr-amol-gosavi-y3amsnwuyd/?disease=Corn Removal
Corn Removal,Dr. Sathya Deepa,https://www.pristyncare.com/specialist/dr-sathya-deepa-qxy52acc9u/?disease=Corn Removal
Corn Removal,Dr. Pankaj Sareen,https://www.pristyncare.com/specialist/dr-pankaj-sareen-5njangbrma/?disease=Corn Removal
Corn Removal,Dr. Prudhvinath,https://www.pristyncare.com/specialist/dr-prudhvinath-5ctmzi7uxc/
Vasectomy,Dr. Sathya Deepa,https://www.pristyncare.com/specialist/dr-sathya-deepa-qxy52acc9u/?disease=Vasectomy
Vasectomy,Dr. Amol Gosavi,https://www.pristyncare.com/specialist/dr-amol-gosavi-y3amsnwuyd/
Vasectomy,Dr. Raja H,https://www.pristyncare.com/specialist/dr-raja-h-uychcogpqc/?disease=Vasectomy
Vasectomy,Dr. Amol Gosavi,https://www.pristyncare.com/specialist/dr-amol-gosavi-y3amsnwuyd/?disease=Vasectomy
Vasectomy,Dr. Prudhvinath,https://www.pristyncare.com/specialist/dr-prudhvinath-5ctmzi7uxc/
Vasectomy,Dr. Pankaj Sareen,https://www.pristyncare.com/specialist/dr-pankaj-sareen-5njangbrma/?disease=Vasectomy
Testicular Torsion,Dr. Amol Gosavi,https://www.pristyncare.com/specialist/dr-amol-gosavi-y3amsnwuyd/?disease=Testicular Torsion
Testicular Torsion,Dr. Amol Gosavi,https://www.pristyncare.com/specialist/dr-amol-gosavi-y3amsnwuyd/
Testicular Torsion,Dr. Pankaj Sareen,https://www.pristyncare.com/specialist/dr-pankaj-sareen-5njangbrma/?disease=Testicular Torsion
Testicular Torsion,Dr. Sathya Deepa,https://www.pristyncare.com/specialist/dr-sathya-deepa-qxy52acc9u/?disease=Testicular Torsion
Testicular Torsion,Dr. Raja H,https://www.pristyncare.com/specialist/dr-raja-h-uychcogpqc/?disease=Testicular Torsion
Epididymal cyst,Dr. Amol Gosavi,https://www.pristyncare.com/specialist/dr-amol-gosavi-y3amsnwuyd/
Epididymal cyst,Dr. Pankaj Sareen,https://www.pristyncare.com/specialist/dr-pankaj-sareen-5njangbrma/?disease=Epididymal Cyst
Epididymal cyst,Dr. Sathya Deepa,https://www.pristyncare.com/specialist/dr-sathya-deepa-qxy52acc9u/?disease=Epididymal Cyst
Epididymal cyst,Dr. Raja H,https://www.pristyncare.com/specialist/dr-raja-h-uychcogpqc/?disease=Epididymal Cyst
Epididymal cyst,Dr. Amol Gosavi,https://www.pristyncare.com/specialist/dr-amol-gosavi-y3amsnwuyd/?disease=Epididymal Cyst
Toenail Removal,Dr. Vikranth Suresh,https://www.pristyncare.com/specialist/dr-vikranth-suresh-dahdhjm07v/
Toenail Removal,Dr. Amol Gosavi,https://www.pristyncare.com/specialist/dr-amol-gosavi-y3amsnwuyd/
Varicose Veins Treatment,Dr. Piyush Sharma,https://www.pristyncare.com/specialist/dr-piyush-sharma-uk7nuj8gni/
Varicose Veins Treatment,Dr. Raja H,https://www.pristyncare.com/specialist/dr-raja-h-uychcogpqc/?disease=Varicose Veins
Varicose Veins Treatment,Dr. Milind Joshi,https://www.pristyncare.com/specialist/dr-milind-joshi-g3gjcwdaab/
Varicose Veins Treatment,Dr. Sathya Deepa,https://www.pristyncare.com/specialist/dr-sathya-deepa-qxy52acc9u/?disease=Varicose Veins
Varicose Veins Treatment,Dr. Milind Joshi,https://www.pristyncare.com/specialist/dr-milind-joshi-g3gjcwdaab/?disease=Varicose Veins
Varicose Veins Treatment,Dr. Amol Gosavi,https://www.pristyncare.com/specialist/dr-amol-gosavi-y3amsnwuyd/?disease=Varicose Veins
Varicocele Treatment,Dr. Sathya Deepa,https://www.pristyncare.com/specialist/dr-sathya-deepa-qxy52acc9u/?disease=Varicocele
Varicocele Treatment,Dr. Amol Gosavi,https://www.pristyncare.com/specialist/dr-amol-gosavi-y3amsnwuyd/?disease=Varicocele
Varicocele Treatment,Dr. Sanjit Gogoi,https://www.pristyncare.com/specialist/dr-sanjit-gogoi-gb3umfcv64/
Varicocele Treatment,Dr. Amol Gosavi,https://www.pristyncare.com/specialist/dr-amol-gosavi-y3amsnwuyd/
Varicocele Treatment,Dr. Milind Joshi,https://www.pristyncare.com/specialist/dr-milind-joshi-g3gjcwdaab/?disease=Varicocele
Varicocele Treatment,Dr. Raja H,https://www.pristyncare.com/specialist/dr-raja-h-uychcogpqc/?disease=Varicocele
DVT Treatment,Dr. Raja H,https://www.pristyncare.com/specialist/dr-raja-h-uychcogpqc/?disease=Deep Vein Thrombosis
DVT Treatment,Dr. Sathya Deepa,https://www.pristyncare.com/specialist/dr-sathya-deepa-qxy52acc9u/?disease=Deep Vein Thrombosis
DVT Treatment,Dr. Milind Joshi,https://www.pristyncare.com/specialist/dr-milind-joshi-g3gjcwdaab/
DVT Treatment,Dr. Pankaj Waykole,https://www.pristyncare.com/specialist/dr-pankaj-waykole-mgyckmsgdb/?disease=Deep Vein Thrombosis
DVT Treatment,Dr. Milind Joshi,https://www.pristyncare.com/specialist/dr-milind-joshi-g3gjcwdaab/?disease=Deep Vein Thrombosis
Diabetic Foot Ulcer Treatment,Dr. Raja H,https://www.pristyncare.com/specialist/dr-raja-h-uychcogpqc/?disease=Diabetic Foot Ulcers
Diabetic Foot Ulcer Treatment,Dr. Amol Gosavi,https://www.pristyncare.com/specialist/dr-amol-gosavi-y3amsnwuyd/
Diabetic Foot Ulcer Treatment,Dr. Sathya Deepa,https://www.pristyncare.com/specialist/dr-sathya-deepa-qxy52acc9u/?disease=Diabetic Foot Ulcers
Diabetic Foot Ulcer Treatment,Dr. Milind Joshi,https://www.pristyncare.com/specialist/dr-milind-joshi-g3gjcwdaab/?disease=Diabetic Foot Ulcers
Diabetic Foot Ulcer Treatment,Dr. Amol Gosavi,https://www.pristyncare.com/specialist/dr-amol-gosavi-y3amsnwuyd/?disease=Diabetic Foot Ulcers
Uterine Fibroids,Dr. Ketaki Tiwari,https://www.pristyncare.com/specialist/dr-ketaki-tiwari-aadwblsayk/
AV Fistula,Dr. Milind Joshi,https://www.pristyncare.com/specialist/dr-milind-joshi-g3gjcwdaab/?disease=AV Fistula
AV Fistula,Dr. Pankaj Waykole,https://www.pristyncare.com/specialist/dr-pankaj-waykole-mgyckmsgdb/?disease=AV Fistula
AV Fistula,Dr. Raja H,https://www.pristyncare.com/specialist/dr-raja-h-uychcogpqc/?disease=AV Fistula
AV Fistula,Dr. Sathya Deepa,https://www.pristyncare.com/specialist/dr-sathya-deepa-qxy52acc9u/?disease=AV Fistula
AV Fistula,Dr. Milind Joshi,https://www.pristyncare.com/specialist/dr-milind-joshi-g3gjcwdaab/
Gynecomastia,Dr. Sree Kanth Matcha,https://www.pristyncare.com/specialist/dr-sree-kanth-matcha-8veuoslp1a/?disease=Gynecomastia
Gynecomastia,Dr. Sasikumar T,https://www.pristyncare.com/specialist/dr-sasikumar-t-ihimxgdvnw/?disease=Gynecomastia
Gynecomastia,Dr. M Ram Prabhu,https://www.pristyncare.com/specialist/dr-m-ram-prabhu-bnonbbggix/?disease=Gynecomastia
Gynecomastia,Dr. Sasikumar T,https://www.pristyncare.com/specialist/dr-sasikumar-t-ihimxgdvnw/
Gynecomastia,Dr. Javed Akhter Hussain,https://www.pristyncare.com/specialist/dr-javed-akhter-hussain-hmvtksfkew/?disease=Gynecomastia
Liposuction,Dr. Milind Joshi,https://www.pristyncare.com/specialist/dr-milind-joshi-g3gjcwdaab/?disease=Liposuction
Liposuction,Dr. Sahil Singla,https://www.pristyncare.com/specialist/dr-sahil-singla-wcf2sztbdz/
Liposuction,Dr. Amol Gosavi,https://www.pristyncare.com/specialist/dr-amol-gosavi-y3amsnwuyd/
Liposuction,Dr. Sasikumar T,https://www.pristyncare.com/specialist/dr-sasikumar-t-ihimxgdvnw/?disease=Liposuction
Liposuction,Dr. Abdul Mohammed,https://www.pristyncare.com/specialist/dr-abdul-mohammed-heom28q4g8/?disease=Liposuction
Liposuction,Dr. Mohit Bhandari,https://www.pristyncare.com/specialist/dr-mohit-bhandari-1gjabj9kjc/?disease=Liposuction
Liposuction,Dr. Mohit Bhandari,https://www.pristyncare.com/specialist/dr-mohit-bhandari-1gjabj9kjc/
Lipoma Surgery,Dr. Sasikumar T,https://www.pristyncare.com/specialist/dr-sasikumar-t-ihimxgdvnw/?disease=Lipoma
Lipoma Surgery,Dr. M Ram Prabhu,https://www.pristyncare.com/specialist/dr-m-ram-prabhu-bnonbbggix/
Lipoma Surgery,Dr. Sree Kanth Matcha,https://www.pristyncare.com/specialist/dr-sree-kanth-matcha-8veuoslp1a/?disease=Lipoma
Lipoma Surgery,Dr. Ashish Sangvikar,https://www.pristyncare.com/specialist/dr-ashish-sangvikar-9mv4l2i495/
Lipoma Surgery,Dr. Javed Akhter Hussain,https://www.pristyncare.com/specialist/dr-javed-akhter-hussain-hmvtksfkew/?disease=Lipoma
Lipoma Surgery,Dr. M Ram Prabhu,https://www.pristyncare.com/specialist/dr-m-ram-prabhu-bnonbbggix/?disease=Lipoma
Lipoma Surgery,Dr. Sasikumar T,https://www.pristyncare.com/specialist/dr-sasikumar-t-ihimxgdvnw/
Breast Lift Surgery,Dr. Sasikumar T,https://www.pristyncare.com/specialist/dr-sasikumar-t-ihimxgdvnw/?disease=Breast Lift
Breast Lift Surgery,Dr. Abdul Mohammed,https://www.pristyncare.com/specialist/dr-abdul-mohammed-heom28q4g8/?disease=Breast Lift
Breast Lift Surgery,Dr. Milind Joshi,https://www.pristyncare.com/specialist/dr-milind-joshi-g3gjcwdaab/
Breast Lift Surgery,Dr. Milind Joshi,https://www.pristyncare.com/specialist/dr-milind-joshi-g3gjcwdaab/?disease=Breast Lift
Breast Lift Surgery,Dr. M Ram Prabhu,https://www.pristyncare.com/specialist/dr-m-ram-prabhu-bnonbbggix/?disease=Breast Lift
Sebaceous Cyst Surgery,Dr. M Ram Prabhu,https://www.pristyncare.com/specialist/dr-m-ram-prabhu-bnonbbggix/
Sebaceous Cyst Surgery,Dr. Rahul Bhadgale,https://www.pristyncare.com/specialist/dr-rahul-bhadgale-8y37srhghr/?disease=Sebaceous Cyst
Sebaceous Cyst Surgery,Dr. Krithika Jagadish,https://www.pristyncare.com/specialist/dr-krithika-jagadish-o2bvveuh60/
Sebaceous Cyst Surgery,Dr. M Ram Prabhu,https://www.pristyncare.com/specialist/dr-m-ram-prabhu-bnonbbggix/?disease=Sebaceous Cyst
Sebaceous Cyst Surgery,Dr. Ashish Sangvikar,https://www.pristyncare.com/specialist/dr-ashish-sangvikar-9mv4l2i495/
Sebaceous Cyst Surgery,Dr. Sasikumar T,https://www.pristyncare.com/specialist/dr-sasikumar-t-ihimxgdvnw/
Sebaceous Cyst Surgery,Dr. Prateek Thakur,https://www.pristyncare.com/specialist/dr-prateek-thakur-sljjskhrne/?disease=Sebaceous Cyst
Sebaceous Cyst Surgery,Dr. Sasikumar T,https://www.pristyncare.com/specialist/dr-sasikumar-t-ihimxgdvnw/?disease=Sebaceous Cyst
Rhinoplasty,Dr. Rahul Bhadgale,https://www.pristyncare.com/specialist/dr-rahul-bhadgale-8y37srhghr/?disease=Rhinoplasty
Rhinoplasty,Dr. Sasikumar T,https://www.pristyncare.com/specialist/dr-sasikumar-t-ihimxgdvnw/?disease=Rhinoplasty
Rhinoplasty,Dr. M Ram Prabhu,https://www.pristyncare.com/specialist/dr-m-ram-prabhu-bnonbbggix/?disease=Rhinoplasty
Rhinoplasty,Dr. Prateek Thakur,https://www.pristyncare.com/specialist/dr-prateek-thakur-sljjskhrne/?disease=Rhinoplasty
Rhinoplasty,Dr. Sasikumar T,https://www.pristyncare.com/specialist/dr-sasikumar-t-ihimxgdvnw/
Breast Augmentation Surgery,Dr. M Ram Prabhu,https://www.pristyncare.com/specialist/dr-m-ram-prabhu-bnonbbggix/?disease=Breast Augmentation
Breast Augmentation Surgery,Dr. Abdul Mohammed,https://www.pristyncare.com/specialist/dr-abdul-mohammed-heom28q4g8/?disease=Breast Augmentation
Breast Augmentation Surgery,Dr. Milind Joshi,https://www.pristyncare.com/specialist/dr-milind-joshi-g3gjcwdaab/
Breast Augmentation Surgery,Dr. Milind Joshi,https://www.pristyncare.com/specialist/dr-milind-joshi-g3gjcwdaab/?disease=Breast Augmentation
Breast Augmentation Surgery,Dr. Sasikumar T,https://www.pristyncare.com/specialist/dr-sasikumar-t-ihimxgdvnw/?disease=Breast Augmentation
Axillary Breast,Dr. M Ram Prabhu,https://www.pristyncare.com/specialist/dr-m-ram-prabhu-bnonbbggix/?disease=Axillary Breast
Axillary Breast,Dr. Krithika Jagadish,https://www.pristyncare.com/specialist/dr-krithika-jagadish-o2bvveuh60/
Axillary Breast,Dr. Milind Joshi,https://www.pristyncare.com/specialist/dr-milind-joshi-g3gjcwdaab/?disease=Axillary Breast
Axillary Breast,Dr. Milind Joshi,https://www.pristyncare.com/specialist/dr-milind-joshi-g3gjcwdaab/
Axillary Breast,Dr. Abdul Mohammed,https://www.pristyncare.com/specialist/dr-abdul-mohammed-heom28q4g8/?disease=Axillary Breast
Axillary Breast,Dr. Sasikumar T,https://www.pristyncare.com/specialist/dr-sasikumar-t-ihimxgdvnw/?disease=Axillary Breast
Tummy Tuck,Dr. Prateek Thakur,https://www.pristyncare.com/specialist/dr-prateek-thakur-sljjskhrne/?disease=Tummy Tuck
Tummy Tuck,Dr. Kartik Adhitya,https://www.pristyncare.com/specialist/dr-kartik-adhitya-uibz0mdmgn/?disease=Tummy Tuck
Tummy Tuck,Dr. Kartik Adhitya,https://www.pristyncare.com/specialist/dr-kartik-adhitya-uibz0mdmgn/
Tummy Tuck,Dr. Rahul Bhadgale,https://www.pristyncare.com/specialist/dr-rahul-bhadgale-8y37srhghr/?disease=Tummy Tuck
Tummy Tuck,Dr. Abhishek Vijay Kumar,https://www.pristyncare.com/specialist/dr-abhishek-vijay-kumar-w074g1hbg5/?disease=Tummy Tuck
Breast Lump,Dr. Abdul Mohammed,https://www.pristyncare.com/specialist/dr-abdul-mohammed-heom28q4g8/?disease=Breast Lump
Breast Lump,Dr. Sahil Singla,https://www.pristyncare.com/specialist/dr-sahil-singla-wcf2sztbdz/
Breast Lump,Dr. Milind Joshi,https://www.pristyncare.com/specialist/dr-milind-joshi-g3gjcwdaab/?disease=Breast Lump
Breast Lump,Dr. M Ram Prabhu,https://www.pristyncare.com/specialist/dr-m-ram-prabhu-bnonbbggix/?disease=Breast Lump
Breast Lump,Dr. Sasikumar T,https://www.pristyncare.com/specialist/dr-sasikumar-t-ihimxgdvnw/?disease=Breast Lump
Breast Lump,Dr. Milind Joshi,https://www.pristyncare.com/specialist/dr-milind-joshi-g3gjcwdaab/
Breast Reduction,Dr. Milind Joshi,https://www.pristyncare.com/specialist/dr-milind-joshi-g3gjcwdaab/?disease=Breast Reduction
Breast Reduction,Dr. Sasikumar T,https://www.pristyncare.com/specialist/dr-sasikumar-t-ihimxgdvnw/?disease=Breast Reduction
Breast Reduction,Dr. Milind Joshi,https://www.pristyncare.com/specialist/dr-milind-joshi-g3gjcwdaab/
Breast Reduction,Dr. Rahul Bhadgale,https://www.pristyncare.com/specialist/dr-rahul-bhadgale-8y37srhghr/
Breast Reduction,Dr. Abdul Mohammed,https://www.pristyncare.com/specialist/dr-abdul-mohammed-heom28q4g8/?disease=Breast Reduction
Breast Reduction,Dr. M Ram Prabhu,https://www.pristyncare.com/specialist/dr-m-ram-prabhu-bnonbbggix/?disease=Breast Reduction
Scar Removal,Dr. M Ram Prabhu,https://www.pristyncare.com/specialist/dr-m-ram-prabhu-bnonbbggix/?disease=Scar Removal
Scar Removal,Dr. Sasikumar T,https://www.pristyncare.com/specialist/dr-sasikumar-t-ihimxgdvnw/?disease=Scar Removal
Scar Removal,Dr. Chandni Jain,https://www.pristyncare.com/specialist/dr-chandni-jain-uawgv11cnr/
Scar Removal,Dr. Sasikumar T,https://www.pristyncare.com/specialist/dr-sasikumar-t-ihimxgdvnw/
Scar Removal,Dr. Prateek Thakur,https://www.pristyncare.com/specialist/dr-prateek-thakur-sljjskhrne/?disease=Scar Removal
Scar Removal,Dr. Rahul Bhadgale,https://www.pristyncare.com/specialist/dr-rahul-bhadgale-8y37srhghr/?disease=Scar Removal
Double Chin,Dr. Sasikumar T,https://www.pristyncare.com/specialist/dr-sasikumar-t-ihimxgdvnw/?disease=Double Chin
Double Chin,Dr. Prateek Thakur,https://www.pristyncare.com/specialist/dr-prateek-thakur-sljjskhrne/?disease=Double Chin
Double Chin,Dr. Rahul Bhadgale,https://www.pristyncare.com/specialist/dr-rahul-bhadgale-8y37srhghr/?disease=Double Chin
Double Chin,Dr. M Ram Prabhu,https://www.pristyncare.com/specialist/dr-m-ram-prabhu-bnonbbggix/?disease=Double Chin
Double Chin,Dr. Sasikumar T,https://www.pristyncare.com/specialist/dr-sasikumar-t-ihimxgdvnw/
Buccal Fat,Dr. M Ram Prabhu,https://www.pristyncare.com/specialist/dr-m-ram-prabhu-bnonbbggix/
Buccal Fat,Dr. Prateek Thakur,https://www.pristyncare.com/specialist/dr-prateek-thakur-sljjskhrne/?disease=Buccal Fat
Buccal Fat,Dr. Surajsinh Chauhan,https://www.pristyncare.com/specialist/dr-surajsinh-chauhan-tsyrdjlflk/?disease=Buccal Fat
Buccal Fat,Dr. M Ram Prabhu,https://www.pristyncare.com/specialist/dr-m-ram-prabhu-bnonbbggix/?disease=Buccal Fat
Buccal Fat,Dr. Abhishek Vijay Kumar,https://www.pristyncare.com/specialist/dr-abhishek-vijay-kumar-w074g1hbg5/?disease=Buccal Fat
Earlobe Repair,Dr. Rahul Bhadgale,https://www.pristyncare.com/specialist/dr-rahul-bhadgale-8y37srhghr/?disease=Earlobe Repair
Earlobe Repair,Dr. Prateek Thakur,https://www.pristyncare.com/specialist/dr-prateek-thakur-sljjskhrne/?disease=Earlobe Repair
Earlobe Repair,Dr. Sasikumar T,https://www.pristyncare.com/specialist/dr-sasikumar-t-ihimxgdvnw/?disease=Earlobe Repair
Earlobe Repair,Dr. Sasikumar T,https://www.pristyncare.com/specialist/dr-sasikumar-t-ihimxgdvnw/
Earlobe Repair,Dr. M Ram Prabhu,https://www.pristyncare.com/specialist/dr-m-ram-prabhu-bnonbbggix/?disease=Earlobe Repair
Blepharoplasty,Dr. Rahul Bhadgale,https://www.pristyncare.com/specialist/dr-rahul-bhadgale-8y37srhghr/?disease=Blepharoplasty
Blepharoplasty,Dr. Prateek Thakur,https://www.pristyncare.com/specialist/dr-prateek-thakur-sljjskhrne/?disease=Blepharoplasty
Blepharoplasty,Dr. Sasikumar T,https://www.pristyncare.com/specialist/dr-sasikumar-t-ihimxgdvnw/?disease=Blepharoplasty
Blepharoplasty,Dr. Sasikumar T,https://www.pristyncare.com/specialist/dr-sasikumar-t-ihimxgdvnw/
Blepharoplasty,Dr. M Ram Prabhu,https://www.pristyncare.com/specialist/dr-m-ram-prabhu-bnonbbggix/?disease=Blepharoplasty
Beard Transplant,Dr. Komal,https://www.pristyncare.com/specialist/dr-komal-zbrvl0tpaj/
Beard Transplant,Dr. Komal,https://www.pristyncare.com/specialist/dr-komal-zbrvl0tpaj/?disease=Beard Transplant
Hair Fall PRP,Dr. Komal,https://www.pristyncare.com/specialist/dr-komal-zbrvl0tpaj/
Hair Fall PRP,Dr. Komal,https://www.pristyncare.com/specialist/dr-komal-zbrvl0tpaj/?disease=Hair Fall PRP
Hair Fall PRP,Dr. Chandni Jain,https://www.pristyncare.com/specialist/dr-chandni-jain-uawgv11cnr/
Hair Fall PRP,Dr. Chandni Jain,https://www.pristyncare.com/specialist/dr-chandni-jain-uawgv11cnr/?disease=Hair Fall PRP
Hair Fall PRP,Dr. Vishal Vasant Maniar,https://www.pristyncare.com/specialist/dr-vishal-vasant-maniar-dpjw3bg0qf/
Knee Replacement,Dr. Abhishek Bansal,https://www.pristyncare.com/specialist/dr-abhishek-bansal-x1taspv05r/
Knee Replacement,Dr. Sharath Kumar Shetty,https://www.pristyncare.com/specialist/dr-sharath-kumar-shetty-hvlm9ywqhb/?disease=Knee Replacement
Knee Replacement,Dr. Manu Bora,https://www.pristyncare.com/specialist/dr-manu-bora-2cdyqeqpb0/
Knee Replacement,Dr. Manu Bora,https://www.pristyncare.com/specialist/dr-manu-bora-2cdyqeqpb0/?disease=Knee Replacement
Knee Replacement,Dr. Bhagat Singh Rajput,https://www.pristyncare.com/specialist/dr-bhagat-singh-rajput-2tbwrjpbyx/?disease=Knee Replacement
Knee Replacement,Dr. Abhishek Bansal,https://www.pristyncare.com/specialist/dr-abhishek-bansal-x1taspv05r/?disease=Knee Replacement
Knee Replacement,Dr. Hari Prakash,https://www.pristyncare.com/specialist/dr-hari-prakash-ga0aue1sxg/
Carpal Tunnel Syndrome,Dr. Abhishek Bansal,https://www.pristyncare.com/specialist/dr-abhishek-bansal-x1taspv05r/
Carpal Tunnel Syndrome,Dr. Sharath Kumar Shetty,https://www.pristyncare.com/specialist/dr-sharath-kumar-shetty-hvlm9ywqhb/?disease=Carpal Tunnel Syndrome
Carpal Tunnel Syndrome,Dr. Manu Bora,https://www.pristyncare.com/specialist/dr-manu-bora-2cdyqeqpb0/?disease=Carpal Tunnel Syndrome
Carpal Tunnel Syndrome,Dr. Bhagat Singh Rajput,https://www.pristyncare.com/specialist/dr-bhagat-singh-rajput-2tbwrjpbyx/?disease=Carpal Tunnel Syndrome
Carpal Tunnel Syndrome,Dr. Abhishek Bansal,https://www.pristyncare.com/specialist/dr-abhishek-bansal-x1taspv05r/?disease=Carpal Tunnel Syndrome
ACL Tear Treatment,Dr. Abhishek Bansal,https://www.pristyncare.com/specialist/dr-abhishek-bansal-x1taspv05r/
ACL Tear Treatment,Dr. Bhagat Singh Rajput,https://www.pristyncare.com/specialist/dr-bhagat-singh-rajput-2tbwrjpbyx/?disease=ACL Tear
ACL Tear Treatment,Dr. Sharath Kumar Shetty,https://www.pristyncare.com/specialist/dr-sharath-kumar-shetty-hvlm9ywqhb/?disease=ACL Tear
ACL Tear Treatment,Dr. Manu Bora,https://www.pristyncare.com/specialist/dr-manu-bora-2cdyqeqpb0/
ACL Tear Treatment,Dr. Abhishek Bansal,https://www.pristyncare.com/specialist/dr-abhishek-bansal-x1taspv05r/?disease=ACL Tear
ACL Tear Treatment,Dr. Manu Bora,https://www.pristyncare.com/specialist/dr-manu-bora-2cdyqeqpb0/?disease=ACL Tear
Meniscus Tear Treatment,Dr. Abhishek Bansal,https://www.pristyncare.com/specialist/dr-abhishek-bansal-x1taspv05r/
Meniscus Tear Treatment,Dr. Manu Bora,https://www.pristyncare.com/specialist/dr-manu-bora-2cdyqeqpb0/?disease=Meniscus Tear
Meniscus Tear Treatment,Dr. Abhishek Bansal,https://www.pristyncare.com/specialist/dr-abhishek-bansal-x1taspv05r/?disease=Meniscus Tear
Meniscus Tear Treatment,Dr. Sharath Kumar Shetty,https://www.pristyncare.com/specialist/dr-sharath-kumar-shetty-hvlm9ywqhb/?disease=Meniscus Tear
Meniscus Tear Treatment,Dr. Bhagat Singh Rajput,https://www.pristyncare.com/specialist/dr-bhagat-singh-rajput-2tbwrjpbyx/?disease=Meniscus Tear
Hip Replacement Surgery,Dr. Manu Bora,https://www.pristyncare.com/specialist/dr-manu-bora-2cdyqeqpb0/?disease=Hip Replacement
Hip Replacement Surgery,Dr. Abhishek Bansal,https://www.pristyncare.com/specialist/dr-abhishek-bansal-x1taspv05r/
Hip Replacement Surgery,Dr. Abhishek Bansal,https://www.pristyncare.com/specialist/dr-abhishek-bansal-x1taspv05r/?disease=Hip Replacement
Hip Replacement Surgery,Dr. Manu Bora,https://www.pristyncare.com/specialist/dr-manu-bora-2cdyqeqpb0/
Hip Replacement Surgery,Dr. Sharath Kumar Shetty,https://www.pristyncare.com/specialist/dr-sharath-kumar-shetty-hvlm9ywqhb/?disease=Hip Replacement
Hip Replacement Surgery,Dr. Bhagat Singh Rajput,https://www.pristyncare.com/specialist/dr-bhagat-singh-rajput-2tbwrjpbyx/?disease=Hip Replacement
Spine Surgery,Dr. Abhishek Bansal,https://www.pristyncare.com/specialist/dr-abhishek-bansal-x1taspv05r/
Spine Surgery,Dr. Bhagat Singh Rajput,https://www.pristyncare.com/specialist/dr-bhagat-singh-rajput-2tbwrjpbyx/?disease=Spine Surgery
Spine Surgery,Dr. Manu Bora,https://www.pristyncare.com/specialist/dr-manu-bora-2cdyqeqpb0/?disease=Spine Surgery
Spine Surgery,Dr. Abhishek Bansal,https://www.pristyncare.com/specialist/dr-abhishek-bansal-x1taspv05r/?disease=Spine Surgery
Spine Surgery,Dr. Sharath Kumar Shetty,https://www.pristyncare.com/specialist/dr-sharath-kumar-shetty-hvlm9ywqhb/?disease=Spine Surgery
Shoulder Dislocation,Dr. Abhishek Bansal,https://www.pristyncare.com/specialist/dr-abhishek-bansal-x1taspv05r/
Shoulder Dislocation,Dr. Manu Bora,https://www.pristyncare.com/specialist/dr-manu-bora-2cdyqeqpb0/?disease=Shoulder Dislocation
Shoulder Dislocation,Dr. Manu Bora,https://www.pristyncare.com/specialist/dr-manu-bora-2cdyqeqpb0/
Shoulder Dislocation,Dr. Sharath Kumar Shetty,https://www.pristyncare.com/specialist/dr-sharath-kumar-shetty-hvlm9ywqhb/?disease=Shoulder Dislocation
Shoulder Dislocation,Dr. Bhagat Singh Rajput,https://www.pristyncare.com/specialist/dr-bhagat-singh-rajput-2tbwrjpbyx/?disease=Shoulder Dislocation
Shoulder Dislocation,Dr. Abhishek Bansal,https://www.pristyncare.com/specialist/dr-abhishek-bansal-x1taspv05r/?disease=Shoulder Dislocation
Shoulder Replacement,Dr. Hari Prakash,https://www.pristyncare.com/specialist/dr-hari-prakash-ga0aue1sxg/
Shoulder Replacement,Dr. Abhishek Bansal,https://www.pristyncare.com/specialist/dr-abhishek-bansal-x1taspv05r/
Shoulder Replacement,Dr. Manu Bora,https://www.pristyncare.com/specialist/dr-manu-bora-2cdyqeqpb0/?disease=Shoulder Replacement
Shoulder Replacement,Dr. Bhagat Singh Rajput,https://www.pristyncare.com/specialist/dr-bhagat-singh-rajput-2tbwrjpbyx/?disease=Shoulder Replacement
Shoulder Replacement,Dr. Abhishek Bansal,https://www.pristyncare.com/specialist/dr-abhishek-bansal-x1taspv05r/?disease=Shoulder Replacement
Shoulder Replacement,Dr. Sharath Kumar Shetty,https://www.pristyncare.com/specialist/dr-sharath-kumar-shetty-hvlm9ywqhb/?disease=Shoulder Replacement
Rotator Cuff Repair,Dr. Abhishek Bansal,https://www.pristyncare.com/specialist/dr-abhishek-bansal-x1taspv05r/
Rotator Cuff Repair,Dr. Abhishek Bansal,https://www.pristyncare.com/specialist/dr-abhishek-bansal-x1taspv05r/?disease=Rotator Cuff Repair
Rotator Cuff Repair,Dr. Manu Bora,https://www.pristyncare.com/specialist/dr-manu-bora-2cdyqeqpb0/?disease=Rotator Cuff Repair
Rotator Cuff Repair,Dr. Sharath Kumar Shetty,https://www.pristyncare.com/specialist/dr-sharath-kumar-shetty-hvlm9ywqhb/?disease=Rotator Cuff Repair
Rotator Cuff Repair,Dr. Bhagat Singh Rajput,https://www.pristyncare.com/specialist/dr-bhagat-singh-rajput-2tbwrjpbyx/?disease=Rotator Cuff Repair
Arthroscopy Surgery,Dr. Manu Bora,https://www.pristyncare.com/specialist/dr-manu-bora-2cdyqeqpb0/
Arthroscopy Surgery,Dr. Chintan Rohit Hegde,https://www.pristyncare.com/specialist/dr-chintan-rohit-hegde-3sipehhfnp/
Knee Arthroscopy,Dr. Manu Bora,https://www.pristyncare.com/specialist/dr-manu-bora-2cdyqeqpb0/?disease=Knee Arthroscopy
Knee Arthroscopy,Dr. Abhishek Bansal,https://www.pristyncare.com/specialist/dr-abhishek-bansal-x1taspv05r/
Knee Arthroscopy,Dr. Abhishek Bansal,https://www.pristyncare.com/specialist/dr-abhishek-bansal-x1taspv05r/?disease=Knee Arthroscopy
Knee Arthroscopy,Dr. Manu Bora,https://www.pristyncare.com/specialist/dr-manu-bora-2cdyqeqpb0/
Knee Arthroscopy,Dr. Bhagat Singh Rajput,https://www.pristyncare.com/specialist/dr-bhagat-singh-rajput-2tbwrjpbyx/?disease=Knee Arthroscopy
Knee Arthroscopy,Dr. Sharath Kumar Shetty,https://www.pristyncare.com/specialist/dr-sharath-kumar-shetty-hvlm9ywqhb/?disease=Knee Arthroscopy
Shoulder Arthroscopy,Dr. Abhishek Bansal,https://www.pristyncare.com/specialist/dr-abhishek-bansal-x1taspv05r/
Shoulder Arthroscopy,Dr. Manu Bora,https://www.pristyncare.com/specialist/dr-manu-bora-2cdyqeqpb0/?disease=Shoulder Arthroscopy
Shoulder Arthroscopy,Dr. Sharath Kumar Shetty,https://www.pristyncare.com/specialist/dr-sharath-kumar-shetty-hvlm9ywqhb/?disease=Shoulder Arthroscopy
Shoulder Arthroscopy,Dr. Bhagat Singh Rajput,https://www.pristyncare.com/specialist/dr-bhagat-singh-rajput-2tbwrjpbyx/?disease=Shoulder Arthroscopy
Shoulder Arthroscopy,Dr. Abhishek Bansal,https://www.pristyncare.com/specialist/dr-abhishek-bansal-x1taspv05r/?disease=Shoulder Arthroscopy
Total Knee Replacement,Dr. Abhishek Bansal,https://www.pristyncare.com/specialist/dr-abhishek-bansal-x1taspv05r/
Total Knee Replacement,Dr. Bhagat Singh Rajput,https://www.pristyncare.com/specialist/dr-bhagat-singh-rajput-2tbwrjpbyx/?disease=Total Knee Replacement
Total Knee Replacement,Dr. Abhishek Bansal,https://www.pristyncare.com/specialist/dr-abhishek-bansal-x1taspv05r/?disease=Total Knee Replacement
Total Knee Replacement,Dr. Sharath Kumar Shetty,https://www.pristyncare.com/specialist/dr-sharath-kumar-shetty-hvlm9ywqhb/?disease=Total Knee Replacement
Total Knee Replacement,Dr. Manu Bora,https://www.pristyncare.com/specialist/dr-manu-bora-2cdyqeqpb0/?disease=Total Knee Replacement
Lasik Eye Surgery,Dr. Piyush Kapur,https://www.pristyncare.com/specialist/dr-piyush-kapur-1wzi1ucgzy/?disease=Lasik Eye Surgery
Lasik Eye Surgery,Dr. Prerana Tripathi,https://www.pristyncare.com/specialist/dr-prerana-tripathi-jtv8ykdduo/?disease=Lasik Eye Surgery
Lasik Eye Surgery,Dr. Varun Gogia,https://www.pristyncare.com/specialist/dr-varun-gogia-n1ct9d3hko/?disease=Lasik Eye Surgery
Lasik Eye Surgery,Dr. Piyush Kapur,https://www.pristyncare.com/specialist/dr-piyush-kapur-1wzi1ucgzy/
Lasik Eye Surgery,Dr. Chanchal Gadodiya,https://www.pristyncare.com/specialist/dr-chanchal-gadodiya-569ykxvnqg/?disease=Lasik Eye Surgery
Lasik Eye Surgery,Dr. Prerana Tripathi,https://www.pristyncare.com/specialist/dr-prerana-tripathi-jtv8ykdduo/
Cataract Surgery,Dr. Prerana Tripathi,https://www.pristyncare.com/specialist/dr-prerana-tripathi-jtv8ykdduo/?disease=Cataract Surgery
Cataract Surgery,Dr. Chanchal Gadodiya,https://www.pristyncare.com/specialist/dr-chanchal-gadodiya-569ykxvnqg/
Cataract Surgery,Dr. Kalpana,https://www.pristyncare.com/specialist/dr-kalpana-n6s5aowjie/
Cataract Surgery,Dr. Chanchal Gadodiya,https://www.pristyncare.com/specialist/dr-chanchal-gadodiya-569ykxvnqg/?disease=Cataract Surgery
Cataract Surgery,Dr. Varun Gogia,https://www.pristyncare.com/specialist/dr-varun-gogia-n1ct9d3hko/?disease=Cataract Surgery
Cataract Surgery,Dr. Piyush Kapur,https://www.pristyncare.com/specialist/dr-piyush-kapur-1wzi1ucgzy/
Cataract Surgery,Dr. Piyush Kapur,https://www.pristyncare.com/specialist/dr-piyush-kapur-1wzi1ucgzy/?disease=Cataract Surgery
Retinal Detachment,Dr. Piyush Kapur,https://www.pristyncare.com/specialist/dr-piyush-kapur-1wzi1ucgzy/
Glaucoma Treatment,Dr. Chanchal Gadodiya,https://www.pristyncare.com/specialist/dr-chanchal-gadodiya-569ykxvnqg/?disease=Glaucoma Surgery
Glaucoma Treatment,Dr. Prerana Tripathi,https://www.pristyncare.com/specialist/dr-prerana-tripathi-jtv8ykdduo/?disease=Glaucoma Surgery
Glaucoma Treatment,Dr. Piyush Kapur,https://www.pristyncare.com/specialist/dr-piyush-kapur-1wzi1ucgzy/
Glaucoma Treatment,Dr. Piyush Kapur,https://www.pristyncare.com/specialist/dr-piyush-kapur-1wzi1ucgzy/?disease=Glaucoma Surgery
Glaucoma Treatment,Dr. Varun Gogia,https://www.pristyncare.com/specialist/dr-varun-gogia-n1ct9d3hko/?disease=Glaucoma Surgery
Squint Surgery,Dr. Prerana Tripathi,https://www.pristyncare.com/specialist/dr-prerana-tripathi-jtv8ykdduo/?disease=Squint Surgery
Squint Surgery,Dr. Chanchal Gadodiya,https://www.pristyncare.com/specialist/dr-chanchal-gadodiya-569ykxvnqg/?disease=Squint Surgery
Squint Surgery,Dr. Piyush Kapur,https://www.pristyncare.com/specialist/dr-piyush-kapur-1wzi1ucgzy/?disease=Squint Surgery
Squint Surgery,Dr. Piyush Kapur,https://www.pristyncare.com/specialist/dr-piyush-kapur-1wzi1ucgzy/
Squint Surgery,Dr. Varun Gogia,https://www.pristyncare.com/specialist/dr-varun-gogia-n1ct9d3hko/?disease=Squint Surgery
Vitrectomy,Dr. Chanchal Gadodiya,https://www.pristyncare.com/specialist/dr-chanchal-gadodiya-569ykxvnqg/?disease=Vitrectomy
Vitrectomy,Dr. Piyush Kapur,https://www.pristyncare.com/specialist/dr-piyush-kapur-1wzi1ucgzy/?disease=Vitrectomy
Vitrectomy,Dr. Piyush Kapur,https://www.pristyncare.com/specialist/dr-piyush-kapur-1wzi1ucgzy/
Vitrectomy,Dr. Varun Gogia,https://www.pristyncare.com/specialist/dr-varun-gogia-n1ct9d3hko/?disease=Vitrectomy
Vitrectomy,Dr. Prerana Tripathi,https://www.pristyncare.com/specialist/dr-prerana-tripathi-jtv8ykdduo/?disease=Vitrectomy
PRK Lasik,Dr. Aftab Abdul Khader,https://www.pristyncare.com/specialist/dr-aftab-abdul-khader-nweocghyf2/
PRK Lasik,Dr. Chanchal Gadodiya,https://www.pristyncare.com/specialist/dr-chanchal-gadodiya-569ykxvnqg/?disease=PRK Lasik Surgery
PRK Lasik,Dr. Prerana Tripathi,https://www.pristyncare.com/specialist/dr-prerana-tripathi-jtv8ykdduo/?disease=PRK Lasik Surgery
PRK Lasik,Dr. Piyush Kapur,https://www.pristyncare.com/specialist/dr-piyush-kapur-1wzi1ucgzy/
PRK Lasik,Dr. Piyush Kapur,https://www.pristyncare.com/specialist/dr-piyush-kapur-1wzi1ucgzy/?disease=PRK Lasik Surgery
PRK Lasik,Dr. Prerana Tripathi,https://www.pristyncare.com/specialist/dr-prerana-tripathi-jtv8ykdduo/
PRK Lasik,Dr. Varun Gogia,https://www.pristyncare.com/specialist/dr-varun-gogia-n1ct9d3hko/?disease=PRK Lasik Surgery
SMILE Lasik surgery,Dr. Prerana Tripathi,https://www.pristyncare.com/specialist/dr-prerana-tripathi-jtv8ykdduo/?disease=SMILE LASIK Surgery
SMILE Lasik surgery,Dr. Piyush Kapur,https://www.pristyncare.com/specialist/dr-piyush-kapur-1wzi1ucgzy/
SMILE Lasik surgery,Dr. Chanchal Gadodiya,https://www.pristyncare.com/specialist/dr-chanchal-gadodiya-569ykxvnqg/?disease=SMILE LASIK Surgery
SMILE Lasik surgery,Dr. Piyush Kapur,https://www.pristyncare.com/specialist/dr-piyush-kapur-1wzi1ucgzy/?disease=SMILE LASIK Surgery
SMILE Lasik surgery,Dr. Akanksha Thakkar,https://www.pristyncare.com/specialist/dr-akanksha-thakkar-zawbb1rung/
SMILE Lasik surgery,Dr. Varun Gogia,https://www.pristyncare.com/specialist/dr-varun-gogia-n1ct9d3hko/?disease=SMILE LASIK Surgery
FEMTO Lasik surgery,Dr. Prerana Tripathi,https://www.pristyncare.com/specialist/dr-prerana-tripathi-jtv8ykdduo/?disease=Femto LASIK Surgery
FEMTO Lasik surgery,Dr. Varun Gogia,https://www.pristyncare.com/specialist/dr-varun-gogia-n1ct9d3hko/?disease=Femto LASIK Surgery
FEMTO Lasik surgery,Dr. Piyush Kapur,https://www.pristyncare.com/specialist/dr-piyush-kapur-1wzi1ucgzy/
FEMTO Lasik surgery,Dr. Chanchal Gadodiya,https://www.pristyncare.com/specialist/dr-chanchal-gadodiya-569ykxvnqg/?disease=Femto LASIK Surgery
FEMTO Lasik surgery,Dr. Piyush Kapur,https://www.pristyncare.com/specialist/dr-piyush-kapur-1wzi1ucgzy/?disease=Femto LASIK Surgery
ICL surgery,Dr. Prerana Tripathi,https://www.pristyncare.com/specialist/dr-prerana-tripathi-jtv8ykdduo/?disease=ICL Surgery
ICL surgery,Dr. Chanchal Gadodiya,https://www.pristyncare.com/specialist/dr-chanchal-gadodiya-569ykxvnqg/?disease=ICL Surgery
ICL surgery,Dr. Varun Gogia,https://www.pristyncare.com/specialist/dr-varun-gogia-n1ct9d3hko/?disease=ICL Surgery
ICL surgery,Dr. Piyush Kapur,https://www.pristyncare.com/specialist/dr-piyush-kapur-1wzi1ucgzy/
ICL surgery,Dr. Piyush Kapur,https://www.pristyncare.com/specialist/dr-piyush-kapur-1wzi1ucgzy/?disease=ICL Surgery
Contoura Vision,Dr. Chanchal Gadodiya,https://www.pristyncare.com/specialist/dr-chanchal-gadodiya-569ykxvnqg/?disease=Contoura Vision
Contoura Vision,Dr. Piyush Kapur,https://www.pristyncare.com/specialist/dr-piyush-kapur-1wzi1ucgzy/?disease=Contoura Vision
Contoura Vision,Dr. Piyush Kapur,https://www.pristyncare.com/specialist/dr-piyush-kapur-1wzi1ucgzy/
Contoura Vision,Dr. Prerana Tripathi,https://www.pristyncare.com/specialist/dr-prerana-tripathi-jtv8ykdduo/?disease=Contoura Vision
Contoura Vision,Dr. Varun Gogia,https://www.pristyncare.com/specialist/dr-varun-gogia-n1ct9d3hko/?disease=Contoura Vision
Phaco Surgery,Dr. Prerana Tripathi,https://www.pristyncare.com/specialist/dr-prerana-tripathi-jtv8ykdduo/?disease=Phaco Surgery
Phaco Surgery,Dr. Piyush Kapur,https://www.pristyncare.com/specialist/dr-piyush-kapur-1wzi1ucgzy/?disease=Phaco Surgery
Phaco Surgery,Dr. Piyush Kapur,https://www.pristyncare.com/specialist/dr-piyush-kapur-1wzi1ucgzy/
Phaco Surgery,Dr. Chanchal Gadodiya,https://www.pristyncare.com/specialist/dr-chanchal-gadodiya-569ykxvnqg/?disease=Phaco Surgery
Phaco Surgery,Dr. Varun Gogia,https://www.pristyncare.com/specialist/dr-varun-gogia-n1ct9d3hko/?disease=Phaco Surgery
IVF,Dr. Ila Gupta,https://www.pristyncare.com/specialist/dr-ila-gupta-jnbhabeomv/?disease=IVF
IVF,Dr. Priyanka,https://www.pristyncare.com/specialist/dr-priyanka-9cx8g6qgb3/?disease=IVF
IVF,Dr. Ila Gupta,https://www.pristyncare.com/specialist/dr-ila-gupta-jnbhabeomv/
IVF,Dr. Sujatha,https://www.pristyncare.com/specialist/dr-sujatha-krxyr66cfz/?disease=IVF
IVF,Dr. Samhitha Alukur,https://www.pristyncare.com/specialist/dr-samhitha-alukur-83t9oycwt5/?disease=IVF
IUI,Dr. Priyanka,https://www.pristyncare.com/specialist/dr-priyanka-9cx8g6qgb3/?disease=IUI
IUI,Dr. Samhitha Alukur,https://www.pristyncare.com/specialist/dr-samhitha-alukur-83t9oycwt5/?disease=IUI
IUI,Dr. Ila Gupta,https://www.pristyncare.com/specialist/dr-ila-gupta-jnbhabeomv/?disease=IUI
IUI,Dr. Ila Gupta,https://www.pristyncare.com/specialist/dr-ila-gupta-jnbhabeomv/
IUI,Dr. Sujatha,https://www.pristyncare.com/specialist/dr-sujatha-krxyr66cfz/?disease=IUI
Bariatric Surgery,Dr. M Ram Prabhu,https://www.pristyncare.com/specialist/dr-m-ram-prabhu-bnonbbggix/?disease=Bariatric Surgery
Bariatric Surgery,Dr. Tulip Chamany,https://www.pristyncare.com/specialist/dr-tulip-chamany-8qstudwlsn/?disease=Bariatric Surgery
Bariatric Surgery,Dr. Mohit Bhandari,https://www.pristyncare.com/specialist/dr-mohit-bhandari-1gjabj9kjc/
Bariatric Surgery,Dr. Sanjeev Gupta,https://www.pristyncare.com/specialist/dr-sanjeev-gupta-muhrjm8uhg/?disease=Bariatric Surgery
Bariatric Surgery,Dr. Mohit Bhandari,https://www.pristyncare.com/specialist/dr-mohit-bhandari-1gjabj9kjc/?disease=Bariatric Surgery
SPATZ intragastric balloon,Dr. Mohit Bhandari,https://www.pristyncare.com/specialist/dr-mohit-bhandari-1gjabj9kjc/
Fat Loss Treatment,Dr. Chandni Jain,https://www.pristyncare.com/specialist/dr-chandni-jain-uawgv11cnr/?disease=Fat Loss
Fat Loss Treatment,Dr. Komal,https://www.pristyncare.com/specialist/dr-komal-zbrvl0tpaj/
Fat Loss Treatment,Dr. Komal,https://www.pristyncare.com/specialist/dr-komal-zbrvl0tpaj/?disease=Fat Loss
Hair Transplant,Dr. Surajsinh Chauhan,https://www.pristyncare.com/specialist/dr-surajsinh-chauhan-tsyrdjlflk/?disease=Hair Transplant
Hair Transplant,Dr. Chandni Jain,https://www.pristyncare.com/specialist/dr-chandni-jain-uawgv11cnr/
Hair Transplant,Dr. Surajsinh Chauhan,https://www.pristyncare.com/specialist/dr-surajsinh-chauhan-tsyrdjlflk/
Hair Transplant,Dr. Chandni Jain,https://www.pristyncare.com/specialist/dr-chandni-jain-uawgv11cnr/?disease=Hair Transplant
Hair Transplant,Dr. Komal,https://www.pristyncare.com/specialist/dr-komal-zbrvl0tpaj/?disease=Hair Transplant
Pigmentation,Dr. Komal,https://www.pristyncare.com/specialist/dr-komal-zbrvl0tpaj/?disease=Pigmentation
Pigmentation,Dr. Chandni Jain,https://www.pristyncare.com/specialist/dr-chandni-jain-uawgv11cnr/
Pigmentation,Dr. Chandni Jain,https://www.pristyncare.com/specialist/dr-chandni-jain-uawgv11cnr/?disease=Pigmentation
Pigmentation,Dr. Komal,https://www.pristyncare.com/specialist/dr-komal-zbrvl0tpaj/
Piles,Dr. A N M Owais Danish,https://www.pristyncare.com/specialist/dr-a-n-m-owais-danish-1avgsfk96e/
Piles,Dr. Pravat Kumar Majumda...,https://www.pristyncare.com/specialist/dr-pravat-kumar-majumdar-vx6ahe6uav/?disease=Piles
Piles,Dr. Sunil Gehlot,https://www.pristyncare.com/specialist/dr-sunil-gehlot-rcx3qjqfjw/?disease=Piles
Piles,Dr. Dhamodhara Kumar C.B,https://www.pristyncare.com/specialist/dr-dhamodhara-kumar-c-b-0ly84yrity/?disease=Piles
Piles,Dr. Piyush Gulabrao Nikam,https://www.pristyncare.com/specialist/dr-piyush-gulabrao-nikam-uympcwmsfn/
Piles,Dr. Sunil Gehlot,https://www.pristyncare.com/specialist/dr-sunil-gehlot-rcx3qjqfjw/
Piles,Dr. Amol Gosavi,https://www.pristyncare.com/specialist/dr-amol-gosavi-y3amsnwuyd/?disease=Piles
Piles,Dr. Pankaj Sareen,https://www.pristyncare.com/specialist/dr-pankaj-sareen-5njangbrma/
Anal Fistula,Dr. Piyush Sharma,https://www.pristyncare.com/specialist/dr-piyush-sharma-uk7nuj8gni/
Anal Fistula,Dr. Amol Gosavi,https://www.pristyncare.com/specialist/dr-amol-gosavi-y3amsnwuyd/?disease=Anal Fistula
Anal Fistula,Dr. Dhamodhara Kumar C.B,https://www.pristyncare.com/specialist/dr-dhamodhara-kumar-c-b-0ly84yrity/?disease=Anal Fistula
Anal Fistula,Dr. Tagore .V,https://www.pristyncare.com/specialist/dr-tagore-v-bagvlvucb7/
Anal Fistula,Dr. Prabhakar Padmanabhan,https://www.pristyncare.com/specialist/dr-prabhakar-padmanabhan-n90myk9b6m/
Anal Fistula,Dr. Sunil Gehlot,https://www.pristyncare.com/specialist/dr-sunil-gehlot-rcx3qjqfjw/?disease=Anal Fistula
Anal Fistula,Dr. Sunil Gehlot,https://www.pristyncare.com/specialist/dr-sunil-gehlot-rcx3qjqfjw/
Anal Fistula,Dr. Pravat Kumar Majumda...,https://www.pristyncare.com/specialist/dr-pravat-kumar-majumdar-vx6ahe6uav/?disease=Anal Fistula
Anal Fistula,Dr. Shwetali Kunal Dhole,https://www.pristyncare.com/specialist/dr-shwetali-kunal-dhole-w9qakagnps/
Anal Fissure,Dr. Sunil Gehlot,https://www.pristyncare.com/specialist/dr-sunil-gehlot-rcx3qjqfjw/?disease=Anal Fissure
Anal Fissure,Dr. Piyush Sharma,https://www.pristyncare.com/specialist/dr-piyush-sharma-uk7nuj8gni/
Anal Fissure,Dr. Pravat Kumar Majumda...,https://www.pristyncare.com/specialist/dr-pravat-kumar-majumdar-vx6ahe6uav/?disease=Anal Fissure
Anal Fissure,Dr. Javed Akhter Hussain,https://www.pristyncare.com/specialist/dr-javed-akhter-hussain-hmvtksfkew/
Anal Fissure,Dr. Amol Gosavi,https://www.pristyncare.com/specialist/dr-amol-gosavi-y3amsnwuyd/?disease=Anal Fissure
Anal Fissure,Dr. Sunil Gehlot,https://www.pristyncare.com/specialist/dr-sunil-gehlot-rcx3qjqfjw/
Anal Fissure,Dr. Dhamodhara Kumar C.B,https://www.pristyncare.com/specialist/dr-dhamodhara-kumar-c-b-0ly84yrity/?disease=Anal Fissure
Anal Fissure,Dr. Chetan Dayaram Rathod,https://www.pristyncare.com/specialist/dr-chetan-dayaram-rathod-yts4warc2i/
Pilonidal Sinus,Dr. Abdul Mohammed,https://www.pristyncare.com/specialist/dr-abdul-mohammed-heom28q4g8/
Pilonidal Sinus,Dr. Amol Gosavi,https://www.pristyncare.com/specialist/dr-amol-gosavi-y3amsnwuyd/?disease=Pilonidal Sinus
Pilonidal Sinus,Dr. Dhamodhara Kumar C.B,https://www.pristyncare.com/specialist/dr-dhamodhara-kumar-c-b-0ly84yrity/?disease=Pilonidal Sinus
Pilonidal Sinus,Dr. Pravat Kumar Majumda...,https://www.pristyncare.com/specialist/dr-pravat-kumar-majumdar-vx6ahe6uav/?disease=Pilonidal Sinus
Pilonidal Sinus,Dr. Sunil Gehlot,https://www.pristyncare.com/specialist/dr-sunil-gehlot-rcx3qjqfjw/?disease=Pilonidal Sinus
Pilonidal Sinus,Dr. Raja H,https://www.pristyncare.com/specialist/dr-raja-h-uychcogpqc/
Pilonidal Sinus,Dr. Majethiya Jalpesh,https://www.pristyncare.com/specialist/dr-majethiya-jalpesh-evnw4buxpe/
Pilonidal Sinus,Dr. Sunil Gehlot,https://www.pristyncare.com/specialist/dr-sunil-gehlot-rcx3qjqfjw/
Anal Fistula Treatment,Dr. Piyush Sharma,https://www.pristyncare.com/specialist/dr-piyush-sharma-uk7nuj8gni/
Anal Fistula Treatment,Dr. Amol Gosavi,https://www.pristyncare.com/specialist/dr-amol-gosavi-y3amsnwuyd/?disease=Anal Fistula
Anal Fistula Treatment,Dr. Dhamodhara Kumar C.B,https://www.pristyncare.com/specialist/dr-dhamodhara-kumar-c-b-0ly84yrity/?disease=Anal Fistula
Anal Fistula Treatment,Dr. Tagore .V,https://www.pristyncare.com/specialist/dr-tagore-v-bagvlvucb7/
Anal Fistula Treatment,Dr. Prabhakar Padmanabhan,https://www.pristyncare.com/specialist/dr-prabhakar-padmanabhan-n90myk9b6m/
Anal Fistula Treatment,Dr. Sunil Gehlot,https://www.pristyncare.com/specialist/dr-sunil-gehlot-rcx3qjqfjw/?disease=Anal Fistula
Anal Fistula Treatment,Dr. Sunil Gehlot,https://www.pristyncare.com/specialist/dr-sunil-gehlot-rcx3qjqfjw/
Anal Fistula Treatment,Dr. Pravat Kumar Majumda...,https://www.pristyncare.com/specialist/dr-pravat-kumar-majumdar-vx6ahe6uav/?disease=Anal Fistula
Anal Fistula Treatment,Dr. Shwetali Kunal Dhole,https://www.pristyncare.com/specialist/dr-shwetali-kunal-dhole-w9qakagnps/
Anal Fissure Treatment,Dr. Sunil Gehlot,https://www.pristyncare.com/specialist/dr-sunil-gehlot-rcx3qjqfjw/?disease=Anal Fissure
Anal Fissure Treatment,Dr. Piyush Sharma,https://www.pristyncare.com/specialist/dr-piyush-sharma-uk7nuj8gni/
Anal Fissure Treatment,Dr. Pravat Kumar Majumda...,https://www.pristyncare.com/specialist/dr-pravat-kumar-majumdar-vx6ahe6uav/?disease=Anal Fissure
Anal Fissure Treatment,Dr. Javed Akhter Hussain,https://www.pristyncare.com/specialist/dr-javed-akhter-hussain-hmvtksfkew/
Anal Fissure Treatment,Dr. Amol Gosavi,https://www.pristyncare.com/specialist/dr-amol-gosavi-y3amsnwuyd/?disease=Anal Fissure
Anal Fissure Treatment,Dr. Sunil Gehlot,https://www.pristyncare.com/specialist/dr-sunil-gehlot-rcx3qjqfjw/
Anal Fissure Treatment,Dr. Dhamodhara Kumar C.B,https://www.pristyncare.com/specialist/dr-dhamodhara-kumar-c-b-0ly84yrity/?disease=Anal Fissure
Anal Fissure Treatment,Dr. Chetan Dayaram Rathod,https://www.pristyncare.com/specialist/dr-chetan-dayaram-rathod-yts4warc2i/
AV Fistula Treatment,Dr. Milind Joshi,https://www.pristyncare.com/specialist/dr-milind-joshi-g3gjcwdaab/?disease=AV Fistula
AV Fistula Treatment,Dr. Pankaj Waykole,https://www.pristyncare.com/specialist/dr-pankaj-waykole-mgyckmsgdb/?disease=AV Fistula
AV Fistula Treatment,Dr. Raja H,https://www.pristyncare.com/specialist/dr-raja-h-uychcogpqc/?disease=AV Fistula
AV Fistula Treatment,Dr. Sathya Deepa,https://www.pristyncare.com/specialist/dr-sathya-deepa-qxy52acc9u/?disease=AV Fistula
AV Fistula Treatment,Dr. Milind Joshi,https://www.pristyncare.com/specialist/dr-milind-joshi-g3gjcwdaab/
